NOC,Sport,gold_count,total_medals,athlete_count
AFG,Athletics,0,26,16
AFG,Boxing,0,5,5
AFG,Cycling Road,0,3,2
AFG,Football,0,11,10
AFG,Hockey,0,39,31
AFG,Judo,0,4,4
AFG,Shooting,0,1,1
AFG,Swimming,0,2,1
AFG,Taekwondo,0,5,3
AFG,Wrestling,0,42,35
AHO,Athletics,0,14,11
AHO,Equestrianism,0,2,1
AHO,Fencing,0,4,3
AHO,Football,0,11,11
AHO,Judo,0,3,3
AHO,Sailing,0,6,5
AHO,Shooting,0,7,4
AHO,Swimming,0,11,5
AHO,Synchronized Swimming,0,4,2
AHO,Triathlon,0,1,1
AHO,Weightlifting,0,11,7
AIN,Canoe Sprint,0,6,5
AIN,Cycling Road,0,7,4
AIN,Rowing,0,2,2
AIN,Shooting,0,2,2
AIN,Swimming,0,7,4
AIN,Taekwondo,0,1,1
AIN,Tennis,0,14,7
AIN,Trampoline Gymnastics,1,3,3
AIN,Weightlifting,0,2,2
AIN,Wrestling,0,2,2
ALB,Artistic Gymnastics,0,1,1
ALB,Athletics,0,16,10
ALB,Cycling,0,1,1
ALB,Judo,0,3,3
ALB,Shooting,0,20,11
ALB,Swimming,0,15,9
ALB,Weightlifting,0,19,13
ALB,Wrestling,0,7,6
ALG,Artistic Gymnastics,1,6,1
ALG,Athletics,4,152,98
ALG,Badminton,0,3,3
ALG,Boxing,2,82,59
ALG,Canoe Slalom,0,2,1
ALG,Canoe Sprint,0,2,1
ALG,Cycling,0,6,6
ALG,Cycling Road,0,5,4
ALG,Fencing,0,33,20
ALG,Football,0,32,32
ALG,Gymnastics,0,24,4
ALG,Handball,0,59,45
ALG,Judo,0,57,36
ALG,Karate,0,1,1
ALG,Marathon Swimming,0,1,1
ALG,Rowing,0,14,11
ALG,Sailing,0,6,5
ALG,Shooting,0,6,5
ALG,Swimming,0,44,19
ALG,Table Tennis,0,13,11
ALG,Taekwondo,0,1,1
ALG,Tennis,0,2,2
ALG,Trampolining,0,1,1
ALG,Volleyball,0,31,26
ALG,Weightlifting,0,21,11
ALG,Wrestling,0,35,28
AND,Athletics,0,15,9
AND,Boxing,0,1,1
AND,Canoe Slalom,0,5,1
AND,Canoeing,0,1,1
AND,Cycling,0,5,3
AND,Judo,0,6,4
AND,Sailing,0,5,3
AND,Shooting,0,12,7
AND,Swimming,0,10,7
ANG,Athletics,0,31,19
ANG,Basketball,0,71,46
ANG,Beach Volleyball,0,2,2
ANG,Boxing,0,7,7
ANG,Canoe Sprint,0,3,2
ANG,Canoeing,0,6,2
ANG,Handball,0,113,61
ANG,Judo,0,16,13
ANG,Rowing,0,3,3
ANG,Sailing,0,11,9
ANG,Shooting,0,3,2
ANG,Swimming,0,47,23
ANT,Athletics,0,100,42
ANT,Boxing,0,3,3
ANT,Canoeing,0,3,3
ANT,Cycling,0,17,10
ANT,Sailing,0,11,10
ANT,Swimming,0,10,9
ANZ,Athletics,0,22,14
ANZ,Boxing,0,1,1
ANZ,Diving,0,1,1
ANZ,Rowing,0,10,10
ANZ,Rugby,15,15,15
ANZ,Shooting,0,3,1
ANZ,Swimming,5,33,13
ANZ,Tennis,0,1,1
ARG,Archery,0,3,3
ARG,Art Competitions,0,2,1
ARG,Artistic Gymnastics,0,5,1
ARG,Athletics,2,258,149
ARG,Basketball,12,100,71
ARG,Beach Volleyball,0,18,10
ARG,Boxing,7,138,127
ARG,Canoe Slalom,0,1,1
ARG,Canoe Sprint,0,6,3
ARG,Canoeing,0,49,29
ARG,Cycling,2,179,99
ARG,Cycling BMX Freestyle,1,1,1
ARG,Cycling BMX Racing,0,3,3
ARG,Cycling Mountain Bike,0,1,1
ARG,Cycling Road,0,2,1
ARG,Diving,0,9,4
ARG,Equestrian,0,9,5
ARG,Equestrianism,0,156,67
ARG,Fencing,0,241,92
ARG,Figure Skating,0,1,1
ARG,Football,34,182,179
ARG,Golf,0,5,4
ARG,Gymnastics,0,133,20
ARG,Handball,0,75,60
ARG,Hockey,18,356,235
ARG,Judo,1,68,40
ARG,Marathon Swimming,0,1,1
ARG,Modern Pentathlon,0,20,12
ARG,Polo,9,9,9
ARG,Rowing,2,190,159
ARG,Rugby Sevens,0,40,31
ARG,Sailing,2,196,130
ARG,Shooting,0,132,72
ARG,Skateboarding,0,2,2
ARG,Surfing,0,1,1
ARG,Swimming,1,266,105
ARG,Synchronized Swimming,0,4,2
ARG,Table Tennis,0,17,8
ARG,Taekwondo,1,9,7
ARG,Tennis,0,115,52
ARG,Triathlon,0,8,6
ARG,Volleyball,0,131,92
ARG,Water Polo,0,28,23
ARG,Weightlifting,0,36,28
ARG,Wrestling,0,69,36
ARM,Artistic Gymnastics,0,6,2
ARM,Athletics,0,20,16
ARM,Boxing,0,22,19
ARM,Canoeing,0,2,1
ARM,Cycling,0,1,1
ARM,Diving,0,3,2
ARM,Gymnastics,0,20,4
ARM,Judo,0,9,5
ARM,Shooting,0,11,4
ARM,Swimming,0,13,9
ARM,Taekwondo,0,1,1
ARM,Tennis,0,3,1
ARM,Weightlifting,0,41,32
ARM,Wrestling,2,58,40
ARU,Athletics,0,9,7
ARU,Boxing,0,2,2
ARU,Cycling,0,3,2
ARU,Cycling BMX Racing,0,1,1
ARU,Fencing,0,2,1
ARU,Judo,0,5,4
ARU,Sailing,0,6,6
ARU,Shooting,0,2,2
ARU,Swimming,0,15,8
ARU,Synchronized Swimming,0,4,2
ARU,Taekwondo,0,1,1
ARU,Weightlifting,0,3,2
ASA,Archery,0,1,1
ASA,Athletics,0,13,10
ASA,Boxing,0,5,2
ASA,Judo,0,3,3
ASA,Sailing,0,4,4
ASA,Swimming,0,7,6
ASA,Weightlifting,0,8,7
ASA,Wrestling,0,2,2
AUS,3x3 Basketball,0,4,4
AUS,"3x3 Basketball, Basketball",0,1,1
AUS,Archery,1,86,33
AUS,Art Competitions,0,3,2
AUS,Artistic Gymnastics,0,52,8
AUS,Artistic Swimming,0,21,16
AUS,Athletics,25,1149,590
AUS,Badminton,0,65,38
AUS,Baseball,0,68,59
AUS,Baseball/Softball,0,15,15
AUS,Basketball,0,309,181
AUS,Beach Volleyball,2,46,29
AUS,Boxing,0,142,128
AUS,Breaking,0,2,2
AUS,Canoe Slalom,4,12,6
AUS,Canoe Sprint,2,38,22
AUS,Canoeing,6,242,127
AUS,Cycling,26,428,212
AUS,Cycling BMX Freestyle,1,4,2
AUS,Cycling BMX Racing,1,6,4
AUS,Cycling Mountain Bike,0,3,3
AUS,Cycling Road,1,19,14
AUS,Cycling Track,5,69,22
AUS,Diving,3,170,75
AUS,Equestrian,0,40,16
AUS,Equestrianism,18,231,73
AUS,Fencing,0,147,67
AUS,Football,0,224,194
AUS,Golf,0,12,9
AUS,Gymnastics,0,513,71
AUS,Handball,0,30,30
AUS,Hockey,64,452,284
AUS,Judo,0,93,73
AUS,Karate,0,1,1
AUS,Marathon Swimming,0,5,5
AUS,"Marathon Swimming, Swimming",0,2,1
AUS,Modern Pentathlon,1,56,26
AUS,Rhythmic Gymnastics,0,19,18
AUS,Rowing,30,587,393
AUS,Rugby Sevens,12,76,58
AUS,Sailing,26,235,158
AUS,Shooting,5,287,125
AUS,Skateboarding,3,14,11
AUS,Softball,0,60,33
AUS,Sport Climbing,0,4,3
AUS,Surfing,0,8,8
AUS,Swimming,155,1430,446
AUS,Synchronized Swimming,0,57,35
AUS,Table Tennis,0,96,33
AUS,Taekwondo,1,29,21
AUS,Tennis,4,125,54
AUS,Trampoline Gymnastics,0,3,3
AUS,Trampolining,0,6,5
AUS,Triathlon,1,45,28
AUS,Volleyball,0,48,44
AUS,Water Polo,13,301,188
AUS,Weightlifting,1,86,68
AUS,Wrestling,0,103,75
AUT,Archery,0,5,5
AUT,Art Competitions,3,199,108
AUT,Artistic Gymnastics,0,11,2
AUT,Artistic Swimming,0,4,3
AUT,Athletics,1,341,194
AUT,Badminton,0,11,8
AUT,Beach Volleyball,0,22,12
AUT,Boxing,0,37,34
AUT,Canoe Slalom,0,9,4
AUT,Canoe Sprint,0,4,2
AUT,Canoeing,4,120,65
AUT,Cycling,1,214,95
AUT,Cycling Mountain Bike,0,5,3
AUT,Cycling Road,1,12,7
AUT,Cycling Track,0,8,6
AUT,Diving,0,76,36
AUT,Equestrian,0,25,11
AUT,Equestrianism,1,110,46
AUT,Fencing,1,215,93
AUT,Football,0,50,50
AUT,Golf,0,8,7
AUT,Gymnastics,2,365,44
AUT,Handball,0,66,61
AUT,Hockey,0,55,49
AUT,Judo,2,71,47
AUT,Karate,0,1,1
AUT,Marathon Swimming,0,1,1
AUT,"Marathon Swimming, Swimming",0,4,1
AUT,Modern Pentathlon,0,38,21
AUT,Rhythmic Gymnastics,0,6,5
AUT,Rowing,0,138,104
AUT,Sailing,8,142,88
AUT,Shooting,1,195,76
AUT,Skateboarding,0,1,1
AUT,Sport Climbing,0,4,2
AUT,Swimming,2,234,100
AUT,Synchronized Swimming,0,14,9
AUT,Table Tennis,0,66,17
AUT,Taekwondo,0,4,3
AUT,Tennis,0,43,22
AUT,Trampoline Gymnastics,0,1,1
AUT,Triathlon,1,25,14
AUT,Tug-Of-War,0,8,8
AUT,Water Polo,0,28,27
AUT,Weightlifting,4,84,59
AUT,Wrestling,1,95,67
AZE,3x3 Basketball,0,4,4
AZE,Archery,0,2,2
AZE,Artistic Gymnastics,0,12,2
AZE,Athletics,0,24,20
AZE,Badminton,0,3,2
AZE,Boxing,0,47,38
AZE,Canoeing,0,7,5
AZE,Cycling,0,6,4
AZE,Cycling Road,0,1,1
AZE,Diving,0,2,1
AZE,Equestrianism,0,2,1
AZE,Fencing,0,6,4
AZE,Gymnastics,0,18,3
AZE,Judo,3,47,35
AZE,Karate,0,3,3
AZE,Rhythmic Gymnastics,0,23,17
AZE,Rowing,0,5,4
AZE,Shooting,1,19,5
AZE,Swimming,0,15,12
AZE,Taekwondo,1,12,10
AZE,Trampoline Gymnastics,0,1,1
AZE,Triathlon,0,3,1
AZE,Weightlifting,0,21,13
AZE,Wrestling,4,86,61
BAH,Athletics,14,288,121
BAH,Boxing,0,7,6
BAH,Cycling,0,2,2
BAH,Diving,0,1,1
BAH,Rowing,0,1,1
BAH,Sailing,2,54,27
BAH,Swimming,0,49,20
BAH,Tennis,0,13,4
BAH,Wrestling,0,2,2
BAN,Archery,0,7,5
BAN,Athletics,0,30,18
BAN,Golf,0,1,1
BAN,Gymnastics,0,3,1
BAN,Shooting,0,10,9
BAN,Swimming,0,17,14
BAR,Athletics,0,117,63
BAR,Boxing,0,9,8
BAR,Cycling,0,24,12
BAR,Diving,0,1,1
BAR,Gymnastics,0,7,1
BAR,Judo,0,5,4
BAR,Sailing,0,15,12
BAR,Shooting,0,8,3
BAR,Swimming,0,40,14
BAR,Synchronized Swimming,0,1,1
BAR,Tennis,0,1,1
BAR,Triathlon,0,2,2
BAR,Weightlifting,0,2,1
BDI,Athletics,1,39,23
BDI,Boxing,0,1,1
BDI,Judo,0,3,3
BDI,Swimming,0,11,8
BEL,3x3 Basketball,0,4,4
BEL,Archery,35,82,31
BEL,Art Competitions,2,171,86
BEL,Artistic Gymnastics,1,46,7
BEL,Athletics,6,622,336
BEL,Badminton,0,9,5
BEL,Basketball,0,58,51
BEL,Beach Volleyball,0,2,2
BEL,Boxing,1,60,60
BEL,Canoe Slalom,0,1,1
BEL,Canoe Sprint,0,10,3
BEL,Canoeing,0,96,58
BEL,Cycling,13,340,219
BEL,Cycling BMX Racing,0,5,5
BEL,Cycling Mountain Bike,0,5,4
BEL,Cycling Road,2,20,11
BEL,"Cycling Road, Cycling Track",0,3,1
BEL,Cycling Track,0,25,14
BEL,Diving,0,12,8
BEL,Equestrian,0,41,17
BEL,Equestrianism,7,206,85
BEL,Fencing,10,345,127
BEL,Figure Skating,0,2,2
BEL,Football,14,67,58
BEL,Golf,0,9,6
BEL,Gymnastics,0,200,83
BEL,Hockey,18,284,200
BEL,Ice Hockey,0,7,7
BEL,Judo,2,63,32
BEL,Modern Pentathlon,0,15,13
BEL,Polo,0,4,4
BEL,Rhythmic Gymnastics,0,4,3
BEL,Rowing,0,185,139
BEL,Sailing,4,105,77
BEL,Shooting,1,218,79
BEL,Skateboarding,0,2,2
BEL,Sport Climbing,0,1,1
BEL,Swimming,1,291,118
BEL,Synchronized Swimming,0,5,2
BEL,Table Tennis,0,16,5
BEL,Taekwondo,0,6,5
BEL,Tennis,1,89,34
BEL,Triathlon,0,23,13
BEL,Tug-Of-War,0,8,8
BEL,Volleyball,0,12,12
BEL,Water Polo,0,100,63
BEL,Weightlifting,1,49,36
BEL,Wrestling,0,113,80
BEN,Athletics,0,47,29
BEN,Boxing,0,13,12
BEN,Cycling,0,2,2
BEN,Fencing,0,1,1
BEN,Judo,0,5,5
BEN,Rowing,0,1,1
BEN,Swimming,0,11,9
BEN,Taekwondo,0,2,2
BEN,Tennis,0,1,1
BER,Athletics,0,63,30
BER,Boxing,0,4,4
BER,Cycling,0,4,4
BER,Diving,0,4,3
BER,Equestrianism,0,11,7
BER,Rowing,0,4,3
BER,Sailing,0,62,45
BER,Swimming,0,53,24
BER,Tennis,0,1,1
BER,Triathlon,1,9,4
BHU,Archery,0,36,21
BHU,Athletics,0,1,1
BHU,Judo,0,1,1
BHU,Shooting,0,3,2
BHU,Swimming,0,2,1
BIH,Athletics,0,24,16
BIH,Canoeing,0,3,3
BIH,Judo,0,10,7
BIH,Shooting,0,20,5
BIH,Swimming,0,21,12
BIH,Table Tennis,0,2,2
BIH,Taekwondo,0,2,2
BIH,Tennis,0,3,3
BIH,Weightlifting,0,1,1
BIH,Wrestling,0,1,1
BIZ,Athletics,0,41,29
BIZ,Boxing,0,1,1
BIZ,Canoe Sprint,0,2,1
BIZ,Cycling,0,27,17
BIZ,Judo,0,2,2
BIZ,Shooting,0,6,4
BIZ,Taekwondo,0,1,1
BIZ,Weightlifting,0,1,1
BLR,Archery,0,16,9
BLR,Artistic Gymnastics,0,5,1
BLR,Artistic Swimming,0,2,2
BLR,Athletics,4,277,174
BLR,Badminton,0,6,4
BLR,Basketball,0,22,17
BLR,Boxing,0,26,22
BLR,Canoe Sprint,0,18,12
BLR,Canoeing,6,60,26
BLR,Cycling,0,38,21
BLR,Cycling Road,0,3,2
BLR,Cycling Track,0,2,2
BLR,Diving,0,19,12
BLR,Equestrian,0,1,1
BLR,Equestrianism,0,6,4
BLR,Fencing,0,24,8
BLR,Football,0,16,16
BLR,Gymnastics,0,236,30
BLR,Judo,1,27,18
BLR,Modern Pentathlon,0,17,12
BLR,Rhythmic Gymnastics,0,54,46
BLR,Rowing,2,71,49
BLR,Sailing,0,21,16
BLR,Shooting,1,95,24
BLR,Swimming,0,111,41
BLR,Synchronized Swimming,0,8,7
BLR,Table Tennis,0,28,7
BLR,Tennis,2,35,12
BLR,Trampoline Gymnastics,1,2,2
BLR,Trampolining,1,12,7
BLR,Weightlifting,1,50,39
BLR,Wrestling,0,75,60
BOH,Art Competitions,0,1,1
BOH,Athletics,0,39,18
BOH,Cycling,0,11,6
BOH,Fencing,0,51,17
BOH,Gymnastics,0,7,3
BOH,Rowing,0,1,1
BOH,Shooting,0,5,1
BOH,Tennis,0,28,13
BOH,Wrestling,0,10,8
BOL,Art Competitions,0,1,1
BOL,Athletics,0,43,30
BOL,Boxing,0,1,1
BOL,Canoeing,0,2,1
BOL,Cycling,0,10,6
BOL,Diving,0,2,1
BOL,Equestrianism,0,3,1
BOL,Fencing,0,4,3
BOL,Gymnastics,0,5,1
BOL,Judo,0,6,6
BOL,Shooting,0,20,14
BOL,Swimming,0,27,15
BOL,Tennis,0,2,2
BOL,Weightlifting,0,3,3
BOL,Wrestling,0,1,1
BOT,Athletics,1,102,61
BOT,Boxing,0,12,11
BOT,Judo,0,1,1
BOT,Sailing,0,1,1
BOT,Swimming,0,8,7
BOT,Weightlifting,0,1,1
BRA,Archery,0,29,13
BRA,Art Competitions,0,1,1
BRA,Artistic Gymnastics,2,86,10
BRA,Athletics,5,642,326
BRA,Badminton,0,6,5
BRA,Basketball,0,267,161
BRA,Beach Volleyball,8,64,40
BRA,Boxing,2,97,82
BRA,Canoe Slalom,0,9,2
BRA,Canoe Sprint,1,12,6
BRA,Canoeing,0,49,26
BRA,Cycling,0,95,51
BRA,Cycling BMX Freestyle,0,1,1
BRA,Cycling BMX Racing,0,3,3
BRA,Cycling Mountain Bike,0,5,5
BRA,Cycling Road,0,2,2
BRA,Diving,0,51,23
BRA,Equestrian,0,34,13
BRA,Equestrianism,1,170,61
BRA,Fencing,0,99,45
BRA,Football,39,372,304
BRA,Golf,0,3,3
BRA,Gymnastics,1,201,27
BRA,Handball,0,192,129
BRA,Hockey,0,16,16
BRA,Judo,5,167,91
BRA,Marathon Swimming,1,3,2
BRA,"Marathon Swimming, Swimming",0,5,1
BRA,Modern Pentathlon,0,33,19
BRA,Rhythmic Gymnastics,0,37,32
BRA,Rowing,0,140,112
BRA,Rugby Sevens,0,52,42
BRA,Sailing,14,206,111
BRA,Shooting,1,127,65
BRA,Skateboarding,0,24,17
BRA,Surfing,1,10,8
BRA,Swimming,1,592,195
BRA,Synchronized Swimming,0,33,19
BRA,Table Tennis,0,78,21
BRA,Taekwondo,0,20,16
BRA,Tennis,0,61,27
BRA,Trampoline Gymnastics,0,2,2
BRA,Trampolining,0,1,1
BRA,Triathlon,0,27,15
BRA,Volleyball,60,335,192
BRA,Water Polo,0,96,88
BRA,Weightlifting,0,29,20
BRA,Wrestling,0,17,12
BRN,Athletics,2,95,71
BRN,Boxing,0,1,1
BRN,Cycling,0,7,4
BRN,Fencing,0,7,4
BRN,Handball,0,16,15
BRN,Judo,0,1,1
BRN,Modern Pentathlon,0,12,5
BRN,Sailing,0,5,5
BRN,Shooting,0,10,9
BRN,Swimming,0,16,15
BRN,Weightlifting,0,2,2
BRN,Wrestling,1,2,2
BRU,Athletics,0,8,8
BRU,Badminton,0,1,1
BRU,Shooting,0,2,1
BRU,Swimming,0,4,4
BUL,Archery,0,7,6
BUL,Art Competitions,0,5,4
BUL,Artistic Gymnastics,0,19,3
BUL,Athletics,5,317,185
BUL,Badminton,0,38,15
BUL,Basketball,0,85,63
BUL,Beach Volleyball,0,4,2
BUL,Boxing,5,107,82
BUL,Canoe Sprint,0,2,2
BUL,Canoeing,4,133,63
BUL,Cycling,0,81,51
BUL,Diving,0,5,4
BUL,Equestrianism,0,75,30
BUL,Fencing,0,47,23
BUL,Football,0,69,56
BUL,Gymnastics,2,974,108
BUL,Judo,0,32,21
BUL,Karate,1,1,1
BUL,Modern Pentathlon,0,29,15
BUL,Rhythmic Gymnastics,5,62,49
BUL,Rowing,5,178,122
BUL,Sailing,0,11,8
BUL,Shooting,4,151,52
BUL,Swimming,1,140,53
BUL,Synchronized Swimming,0,2,2
BUL,Table Tennis,0,4,3
BUL,Taekwondo,0,1,1
BUL,Tennis,0,17,7
BUL,Volleyball,0,106,84
BUL,Water Polo,0,22,21
BUL,Weightlifting,13,98,75
BUL,Wrestling,18,236,167
BUR,Athletics,0,31,17
BUR,Boxing,0,4,4
BUR,Cycling Road,0,2,2
BUR,Fencing,0,1,1
BUR,Judo,0,8,7
BUR,Swimming,0,11,10
BUR,Taekwondo,0,3,2
CAF,Archery,0,1,1
CAF,Athletics,0,31,19
CAF,Basketball,0,12,12
CAF,Boxing,0,6,6
CAF,Cycling,0,7,4
CAF,Judo,0,5,5
CAF,Swimming,0,6,5
CAF,Taekwondo,0,4,3
CAF,Wrestling,0,1,1
CAM,Athletics,0,19,15
CAM,Boxing,0,5,5
CAM,Cycling,0,8,6
CAM,Equestrianism,0,2,2
CAM,Judo,0,1,1
CAM,Sailing,0,3,3
CAM,Swimming,0,27,15
CAM,Taekwondo,0,2,2
CAM,Wrestling,0,2,2
CAN,3x3 Basketball,0,4,4
CAN,Archery,0,54,29
CAN,Art Competitions,0,83,24
CAN,Artistic Gymnastics,0,107,11
CAN,Artistic Swimming,0,21,16
CAN,Athletics,32,1287,682
CAN,Badminton,0,73,37
CAN,Baseball,0,48,43
CAN,Baseball/Softball,0,15,15
CAN,Basketball,0,214,179
CAN,Beach Volleyball,0,36,24
CAN,Boxing,3,148,134
CAN,Breaking,1,1,1
CAN,Canoe Slalom,0,10,6
CAN,Canoe Sprint,1,45,21
CAN,Canoeing,5,300,147
CAN,Cycling,1,322,149
CAN,Cycling BMX Freestyle,0,1,1
CAN,Cycling BMX Racing,0,3,3
CAN,Cycling Mountain Bike,0,5,5
CAN,Cycling Road,0,15,8
CAN,Cycling Track,1,62,27
CAN,Diving,1,178,77
CAN,Equestrian,0,34,14
CAN,Equestrianism,4,260,84
CAN,Fencing,0,298,114
CAN,Football,35,136,92
CAN,Golf,1,15,10
CAN,Gymnastics,1,705,92
CAN,Handball,0,28,28
CAN,Hockey,0,173,142
CAN,Ice Hockey,8,8,8
CAN,Judo,1,101,63
CAN,Karate,0,1,1
CAN,Lacrosse,24,36,36
CAN,Marathon Swimming,0,3,3
CAN,Modern Pentathlon,0,29,15
CAN,Rhythmic Gymnastics,1,15,15
CAN,Rowing,59,599,425
CAN,Rugby Sevens,0,52,44
CAN,Sailing,0,227,170
CAN,Shooting,4,229,109
CAN,Skateboarding,0,8,7
CAN,Softball,0,60,52
CAN,Sport Climbing,0,2,2
CAN,Surfing,0,1,1
CAN,Swimming,12,1134,376
CAN,Synchronized Swimming,4,67,44
CAN,Table Tennis,0,55,23
CAN,Taekwondo,0,14,9
CAN,Tennis,2,73,33
CAN,Trampoline Gymnastics,0,3,3
CAN,Trampolining,2,13,5
CAN,Triathlon,1,37,25
CAN,Volleyball,0,109,96
CAN,Water Polo,0,100,77
CAN,Weightlifting,1,66,50
CAN,Wrestling,3,184,135
CAY,Artistic Gymnastics,0,5,1
CAY,Athletics,0,20,8
CAY,Cycling,0,31,13
CAY,Sailing,0,17,14
CAY,Swimming,0,21,9
CGO,Athletics,0,61,36
CGO,Boxing,0,5,5
CGO,Fencing,0,1,1
CGO,Handball,0,14,14
CGO,Judo,0,7,7
CGO,Swimming,0,15,10
CGO,Table Tennis,0,9,5
CHA,Archery,0,2,2
CHA,Athletics,0,39,24
CHA,Boxing,0,1,1
CHA,Judo,0,5,4
CHI,Archery,0,5,4
CHI,Artistic Gymnastics,0,6,2
CHI,Athletics,0,179,115
CHI,Basketball,0,43,31
CHI,Beach Volleyball,0,6,4
CHI,Boxing,0,38,35
CHI,Canoe Sprint,0,7,4
CHI,Canoeing,0,2,2
CHI,Cycling,0,88,43
CHI,Cycling BMX Freestyle,0,2,1
CHI,Cycling BMX Racing,0,1,1
CHI,Cycling Mountain Bike,0,2,1
CHI,Cycling Road,0,2,2
CHI,Diving,0,4,2
CHI,Equestrian,0,3,3
CHI,Equestrianism,0,51,27
CHI,Fencing,0,47,23
CHI,Football,0,75,75
CHI,Golf,0,5,3
CHI,Gymnastics,0,12,2
CHI,Judo,0,9,7
CHI,Modern Pentathlon,0,25,12
CHI,Rowing,0,37,29
CHI,Sailing,0,30,23
CHI,Shooting,1,56,33
CHI,Skateboarding,0,1,1
CHI,Surfing,0,1,1
CHI,Swimming,0,34,18
CHI,Table Tennis,0,35,14
CHI,Taekwondo,0,5,5
CHI,Tennis,3,27,13
CHI,Triathlon,0,9,6
CHI,Water Polo,0,8,8
CHI,Weightlifting,0,8,7
CHI,Wrestling,0,4,3
CHN,3x3 Basketball,0,16,13
CHN,Archery,1,126,54
CHN,Art Competitions,0,5,5
CHN,Artistic Gymnastics,5,135,18
CHN,Artistic Swimming,11,21,14
CHN,Athletics,11,575,402
CHN,Badminton,35,159,103
CHN,Baseball,0,24,24
CHN,Basketball,0,247,167
CHN,Beach Volleyball,0,26,18
CHN,Boxing,6,64,55
CHN,Breaking,0,3,3
CHN,Canoe Slalom,0,8,5
CHN,Canoe Sprint,6,47,20
CHN,Canoeing,4,111,66
CHN,Cycling,2,96,67
CHN,Cycling BMX Freestyle,1,2,2
CHN,Cycling Mountain Bike,0,4,4
CHN,Cycling Road,0,5,4
CHN,Cycling Track,3,27,11
CHN,Diving,78,144,68
CHN,Equestrian,0,17,8
CHN,Equestrianism,0,11,6
CHN,Fencing,8,275,120
CHN,Football,0,151,132
CHN,Golf,0,12,11
CHN,Gymnastics,45,641,85
CHN,Handball,0,81,64
CHN,Hockey,0,132,90
CHN,Judo,8,94,76
CHN,Karate,0,2,2
CHN,Marathon Swimming,0,2,1
CHN,Modern Pentathlon,0,26,16
CHN,Rhythmic Gymnastics,5,46,40
CHN,Rowing,8,212,151
CHN,Rugby Sevens,0,27,20
CHN,Sailing,3,85,73
CHN,Shooting,34,300,159
CHN,Skateboarding,0,6,5
CHN,Softball,0,60,40
CHN,Sport Climbing,0,9,8
CHN,Surfing,0,1,1
CHN,Swimming,27,657,238
CHN,Synchronized Swimming,0,72,41
CHN,Table Tennis,67,124,46
CHN,Taekwondo,7,28,23
CHN,Tennis,3,69,33
CHN,Trampoline Gymnastics,1,8,7
CHN,Trampolining,3,14,7
CHN,Triathlon,0,13,10
CHN,Volleyball,34,151,108
CHN,Water Polo,0,102,77
CHN,Weightlifting,46,107,87
CHN,Wrestling,2,104,89
CIV,Archery,0,2,1
CIV,Athletics,0,116,55
CIV,Boxing,0,8,7
CIV,Canoeing,0,20,12
CIV,Fencing,0,3,3
CIV,Football,0,37,37
CIV,Handball,0,14,14
CIV,Judo,0,13,12
CIV,Rowing,0,1,1
CIV,Swimming,0,9,7
CIV,Taekwondo,1,15,9
CIV,Tennis,0,3,2
CIV,Wrestling,0,2,2
CMR,Athletics,2,100,50
CMR,Boxing,0,45,37
CMR,Cycling,0,28,13
CMR,Football,18,67,67
CMR,Judo,0,25,22
CMR,Rowing,0,2,1
CMR,Swimming,0,9,8
CMR,Table Tennis,0,4,2
CMR,Volleyball,0,10,10
CMR,Weightlifting,0,13,13
CMR,Wrestling,0,25,18
COD,Athletics,0,36,22
COD,Basketball,0,12,12
COD,Boxing,0,20,19
COD,Cycling,0,18,10
COD,Judo,0,11,11
COD,Swimming,0,3,3
COD,Table Tennis,0,4,2
COD,Taekwondo,0,2,2
COK,Athletics,0,16,10
COK,Boxing,0,3,3
COK,Canoe Slalom,0,2,1
COK,Canoe Sprint,0,3,2
COK,Canoeing,0,5,3
COK,Sailing,0,5,4
COK,Swimming,0,9,8
COK,Weightlifting,0,8,5
COL,Archery,0,30,14
COL,Art Competitions,0,1,1
COL,Artistic Gymnastics,0,9,2
COL,Artistic Swimming,0,2,2
COL,Athletics,1,254,149
COL,Boxing,0,58,56
COL,Canoe Sprint,0,1,1
COL,Cycling,2,193,113
COL,Cycling BMX Freestyle,0,1,1
COL,Cycling BMX Racing,0,8,6
COL,Cycling Mountain Bike,0,1,1
COL,Cycling Road,0,9,8
COL,Cycling Track,0,11,5
COL,Diving,0,30,14
COL,Equestrian,0,2,2
COL,Equestrianism,0,19,10
COL,Fencing,0,64,22
COL,Football,0,139,130
COL,Golf,0,6,5
COL,Gymnastics,0,37,5
COL,Judo,0,14,10
COL,Rowing,0,1,1
COL,Rugby Sevens,0,12,12
COL,Sailing,0,7,5
COL,Shooting,0,64,37
COL,Skateboarding,0,2,1
COL,Swimming,0,129,41
COL,Synchronized Swimming,0,2,2
COL,Table Tennis,0,3,2
COL,Taekwondo,0,11,8
COL,Tennis,0,20,12
COL,Trampoline Gymnastics,0,2,1
COL,Triathlon,0,4,4
COL,Tug-Of-War,0,1,1
COL,Weightlifting,2,72,50
COL,Wrestling,0,30,25
COM,Athletics,0,17,13
COM,Canoe Slalom,0,2,1
COM,Judo,0,1,1
COM,Swimming,0,6,6
COM,Weightlifting,0,1,1
CPV,Athletics,0,13,8
CPV,Boxing,0,5,5
CPV,Fencing,0,1,1
CPV,Judo,0,3,3
CPV,Rhythmic Gymnastics,0,4,3
CPV,Swimming,0,4,3
CPV,Taekwondo,0,1,1
CRC,Archery,0,5,4
CRC,Artistic Gymnastics,0,5,1
CRC,Athletics,0,45,24
CRC,Beach Volleyball,0,2,2
CRC,Boxing,0,3,3
CRC,Canoeing,0,6,5
CRC,Cycling,0,20,15
CRC,Cycling BMX Freestyle,0,1,1
CRC,Cycling Road,0,3,3
CRC,Diving,0,2,1
CRC,Fencing,0,2,2
CRC,Football,0,47,44
CRC,Judo,0,18,15
CRC,Shooting,0,25,12
CRC,Surfing,0,4,3
CRC,Swimming,1,64,22
CRC,Taekwondo,0,4,3
CRC,Tennis,0,1,1
CRC,Triathlon,0,3,2
CRC,Weightlifting,0,4,4
CRO,Artistic Gymnastics,0,8,3
CRO,Athletics,3,80,47
CRO,Basketball,0,58,50
CRO,Boxing,0,11,10
CRO,Canoe Slalom,0,3,1
CRO,Canoe Sprint,0,4,2
CRO,Canoeing,0,26,12
CRO,Cycling,0,8,4
CRO,Cycling BMX Freestyle,0,1,1
CRO,Cycling Road,0,1,1
CRO,Diving,0,1,1
CRO,Equestrianism,0,2,2
CRO,Fencing,0,1,1
CRO,Gymnastics,0,25,4
CRO,Handball,31,103,76
CRO,Judo,1,9,8
CRO,Karate,0,1,1
CRO,Rowing,6,54,34
CRO,Sailing,2,54,31
CRO,Shooting,2,61,20
CRO,Swimming,0,116,38
CRO,Table Tennis,0,47,16
CRO,Taekwondo,1,17,12
CRO,Tennis,2,51,22
CRO,Volleyball,0,11,11
CRO,Water Polo,13,103,63
CRO,Weightlifting,1,3,2
CRO,Wrestling,0,7,6
CRT,Athletics,0,10,8
CRT,Shooting,0,1,1
CUB,Archery,0,9,7
CUB,Art Competitions,0,3,3
CUB,Artistic Gymnastics,0,1,1
CUB,Athletics,10,484,271
CUB,Badminton,0,1,1
CUB,Baseball,64,112,73
CUB,Basketball,0,121,74
CUB,Beach Volleyball,0,18,12
CUB,Boxing,42,138,100
CUB,Canoe Sprint,2,13,6
CUB,Canoeing,0,52,25
CUB,Cycling,0,70,30
CUB,Cycling Road,0,2,1
CUB,Diving,0,36,18
CUB,Fencing,6,180,72
CUB,Football,0,29,25
CUB,Gymnastics,0,386,43
CUB,Handball,0,27,27
CUB,Hockey,0,16,16
CUB,Judo,6,104,59
CUB,Modern Pentathlon,0,6,6
CUB,Rowing,0,134,90
CUB,Sailing,0,19,12
CUB,Shooting,1,109,48
CUB,Softball,0,15,15
CUB,Swimming,0,59,25
CUB,Synchronized Swimming,0,2,2
CUB,Table Tennis,0,24,12
CUB,Taekwondo,1,16,14
CUB,Volleyball,28,170,107
CUB,Water Polo,0,57,36
CUB,Weightlifting,2,72,55
CUB,Wrestling,12,145,100
CYP,Archery,0,2,2
CYP,Artistic Gymnastics,0,15,1
CYP,Athletics,0,74,39
CYP,Cycling,0,4,4
CYP,Cycling Road,0,2,1
CYP,Fencing,0,1,1
CYP,Gymnastics,0,6,1
CYP,Judo,0,13,11
CYP,Rhythmic Gymnastics,0,4,4
CYP,Sailing,0,33,19
CYP,Shooting,0,28,18
CYP,Swimming,0,37,19
CYP,Tennis,0,2,1
CYP,Weightlifting,0,1,1
CYP,Wrestling,0,2,2
CZE,Archery,0,7,4
CZE,Artistic Gymnastics,0,18,3
CZE,Athletics,5,244,149
CZE,Badminton,0,10,6
CZE,Basketball,0,48,36
CZE,Beach Volleyball,0,26,19
CZE,Boxing,0,7,7
CZE,Canoe Slalom,1,12,6
CZE,Canoe Sprint,2,14,7
CZE,Canoeing,4,105,55
CZE,Cycling,1,76,38
CZE,Cycling BMX Freestyle,0,1,1
CZE,Cycling Mountain Bike,0,4,3
CZE,Cycling Road,0,9,6
CZE,Cycling Track,0,6,3
CZE,Diving,0,1,1
CZE,Equestrian,0,12,6
CZE,Equestrianism,0,2,1
CZE,Fencing,0,13,7
CZE,Football,0,16,16
CZE,Golf,0,5,5
CZE,Gymnastics,0,50,7
CZE,Judo,2,21,13
CZE,Marathon Swimming,0,2,2
CZE,Modern Pentathlon,1,18,13
CZE,Rhythmic Gymnastics,0,3,3
CZE,Rowing,1,72,42
CZE,Sailing,0,23,13
CZE,Shooting,3,123,48
CZE,Sport Climbing,0,2,1
CZE,Swimming,0,127,41
CZE,Synchronized Swimming,0,10,4
CZE,Table Tennis,0,26,14
CZE,Taekwondo,0,2,2
CZE,Tennis,4,95,37
CZE,Trampolining,0,3,3
CZE,Triathlon,0,20,12
CZE,Weightlifting,0,9,8
CZE,Wrestling,0,12,7
DEN,Archery,0,29,15
DEN,Art Competitions,0,104,51
DEN,Athletics,0,277,170
DEN,Badminton,3,122,53
DEN,Boxing,1,85,79
DEN,Canoe Sprint,0,17,10
DEN,Canoeing,4,124,67
DEN,Cycling,14,323,179
DEN,Cycling BMX Racing,0,3,3
DEN,Cycling Mountain Bike,0,6,5
DEN,Cycling Road,0,18,11
DEN,"Cycling Road, Cycling Track",0,3,1
DEN,Cycling Track,2,29,13
DEN,Diving,1,29,19
DEN,Equestrian,0,19,11
DEN,Equestrianism,0,140,56
DEN,Fencing,1,229,66
DEN,Football,12,151,133
DEN,Golf,0,12,11
DEN,Gymnastics,20,295,127
DEN,Handball,75,207,158
DEN,Hockey,0,69,55
DEN,Judo,0,4,3
DEN,Modern Pentathlon,0,25,16
DEN,Rhythmic Gymnastics,0,1,1
DEN,Rowing,26,307,229
DEN,Sailing,25,224,152
DEN,Shooting,7,298,94
DEN,Skateboarding,0,2,2
DEN,Swimming,3,385,124
DEN,Table Tennis,0,16,7
DEN,Taekwondo,0,5,5
DEN,Tennis,0,56,24
DEN,Trampolining,0,3,1
DEN,Triathlon,0,9,8
DEN,Tug-Of-War,3,3,3
DEN,Weightlifting,1,26,21
DEN,Wrestling,2,102,68
DJI,Athletics,0,35,26
DJI,Judo,0,5,5
DJI,Sailing,0,4,2
DJI,Swimming,0,5,5
DJI,Table Tennis,0,1,1
DMA,Athletics,1,19,14
DMA,Swimming,0,5,5
DOM,Archery,0,1,1
DOM,Artistic Gymnastics,0,3,1
DOM,Athletics,3,94,57
DOM,Baseball,0,20,20
DOM,Baseball/Softball,0,24,24
DOM,Boxing,1,61,56
DOM,Cycling,0,1,1
DOM,Diving,0,9,7
DOM,Equestrian,0,3,2
DOM,Equestrianism,0,1,1
DOM,Football,0,19,19
DOM,Gymnastics,0,2,1
DOM,Judo,0,30,20
DOM,Rowing,0,1,1
DOM,Sailing,0,2,2
DOM,Shooting,0,10,7
DOM,Swimming,0,12,9
DOM,Synchronized Swimming,0,4,2
DOM,Table Tennis,0,15,7
DOM,Taekwondo,0,11,8
DOM,Tennis,0,2,2
DOM,Volleyball,0,48,37
DOM,Weightlifting,0,29,25
DOM,Wrestling,0,8,6
ECU,Archery,0,1,1
ECU,Athletics,2,121,71
ECU,Boxing,0,31,25
ECU,Canoeing,0,2,1
ECU,Cycling,0,26,16
ECU,Cycling BMX Racing,0,3,3
ECU,Cycling Road,1,3,3
ECU,Diving,0,2,2
ECU,Equestrian,0,4,3
ECU,Equestrianism,0,3,3
ECU,Golf,0,1,1
ECU,Gymnastics,0,21,3
ECU,Judo,0,21,16
ECU,Marathon Swimming,0,3,3
ECU,Modern Pentathlon,0,3,3
ECU,Rowing,0,1,1
ECU,Sailing,0,1,1
ECU,Shooting,0,24,11
ECU,Surfing,0,1,1
ECU,Swimming,0,52,19
ECU,Table Tennis,0,3,2
ECU,Taekwondo,0,1,1
ECU,Tennis,0,6,3
ECU,Triathlon,0,4,2
ECU,Weightlifting,1,23,18
ECU,Wrestling,0,15,10
EGY,Archery,0,19,11
EGY,Art Competitions,0,3,1
EGY,Artistic Gymnastics,0,31,4
EGY,Artistic Swimming,0,28,16
EGY,Athletics,0,73,45
EGY,Badminton,0,7,4
EGY,Basketball,0,77,61
EGY,Beach Volleyball,0,4,4
EGY,Boxing,0,86,66
EGY,Canoe Sprint,0,4,2
EGY,Canoeing,0,4,3
EGY,Cycling,0,13,9
EGY,Cycling Track,0,3,2
EGY,Diving,0,37,25
EGY,Equestrian,0,8,4
EGY,Equestrianism,0,19,6
EGY,Fencing,0,240,90
EGY,Football,0,183,165
EGY,Gymnastics,0,169,22
EGY,Handball,0,118,76
EGY,Hockey,0,32,32
EGY,Judo,0,43,27
EGY,Karate,1,5,5
EGY,Modern Pentathlon,1,38,22
EGY,Rhythmic Gymnastics,0,14,14
EGY,Rowing,0,54,48
EGY,Sailing,0,7,5
EGY,Shooting,0,120,72
EGY,Swimming,0,113,50
EGY,Synchronized Swimming,0,40,26
EGY,Table Tennis,0,59,21
EGY,Taekwondo,0,22,18
EGY,Tennis,0,3,3
EGY,Trampoline Gymnastics,0,3,2
EGY,Triathlon,0,1,1
EGY,Volleyball,0,73,65
EGY,Water Polo,0,51,43
EGY,Weightlifting,5,91,73
EGY,Wrestling,2,126,93
EOR,Athletics,0,15,12
EOR,Badminton,0,2,2
EOR,Boxing,0,4,4
EOR,Breaking,0,1,1
EOR,Canoe Slalom,0,2,1
EOR,Canoe Sprint,0,4,3
EOR,Cycling Road,0,4,4
EOR,Judo,0,24,10
EOR,Karate,0,2,2
EOR,Shooting,0,3,2
EOR,Swimming,0,4,3
EOR,Taekwondo,0,8,8
EOR,Weightlifting,0,3,3
EOR,Wrestling,0,3,3
ERI,Athletics,0,58,36
ERI,Cycling,0,2,1
ERI,Cycling Road,0,6,4
ERI,Swimming,0,3,3
ESA,Archery,0,3,3
ESA,Art Competitions,0,4,1
ESA,Athletics,0,38,30
ESA,Badminton,0,1,1
ESA,Boxing,0,3,3
ESA,Cycling,0,17,8
ESA,Football,0,18,18
ESA,Judo,0,11,8
ESA,Rowing,0,3,2
ESA,Sailing,0,6,5
ESA,Shooting,0,26,16
ESA,Surfing,0,1,1
ESA,Swimming,0,89,33
ESA,Tennis,0,1,1
ESA,Weightlifting,0,8,5
ESA,Wrestling,0,5,2
ESP,3x3 Basketball,0,4,4
ESP,Archery,3,44,26
ESP,Art Competitions,0,3,3
ESP,Artistic Gymnastics,0,119,11
ESP,Artistic Swimming,0,21,11
ESP,Athletics,6,760,451
ESP,Badminton,1,15,10
ESP,Baseball,0,20,20
ESP,Basketball,0,239,157
ESP,Basque Pelota,2,2,2
ESP,Beach Volleyball,0,28,17
ESP,Boxing,0,82,72
ESP,Canoe Slalom,0,12,8
ESP,Canoe Sprint,0,40,21
ESP,Canoeing,7,192,80
ESP,Cycling,5,232,132
ESP,Cycling Mountain Bike,0,5,3
ESP,Cycling Road,0,16,12
ESP,Cycling Track,0,8,2
ESP,Diving,0,43,24
ESP,Equestrian,0,22,12
ESP,Equestrianism,3,203,67
ESP,Fencing,0,143,61
ESP,Football,39,230,222
ESP,Golf,0,12,10
ESP,Gymnastics,2,633,85
ESP,Handball,0,270,181
ESP,Hockey,15,436,265
ESP,Judo,3,99,60
ESP,Karate,1,2,2
ESP,Marathon Swimming,0,4,4
ESP,"Marathon Swimming, Swimming",0,4,1
ESP,Modern Pentathlon,0,32,17
ESP,Polo,0,11,8
ESP,Rhythmic Gymnastics,6,56,44
ESP,Rowing,0,150,115
ESP,Rugby Sevens,0,25,25
ESP,Sailing,26,226,144
ESP,Shooting,2,226,88
ESP,Skateboarding,0,10,8
ESP,Sport Climbing,1,3,2
ESP,Surfing,0,3,3
ESP,Swimming,2,496,207
ESP,Synchronized Swimming,0,49,22
ESP,Table Tennis,0,32,14
ESP,Taekwondo,1,25,18
ESP,Tennis,3,156,58
ESP,Trampoline Gymnastics,0,2,2
ESP,Triathlon,0,41,25
ESP,Volleyball,0,36,33
ESP,Water Polo,25,262,160
ESP,Weightlifting,0,38,27
ESP,Wrestling,0,40,33
EST,Archery,0,6,4
EST,Athletics,2,137,80
EST,Badminton,0,8,3
EST,Basketball,0,8,8
EST,Beach Volleyball,0,4,4
EST,Boxing,0,4,3
EST,Canoeing,0,6,2
EST,Cycling,1,31,18
EST,Cycling Mountain Bike,0,2,1
EST,Cycling Road,0,4,3
EST,Equestrian,0,2,2
EST,Fencing,4,39,15
EST,Football,0,11,11
EST,Judo,0,11,6
EST,Modern Pentathlon,0,3,1
EST,Rhythmic Gymnastics,0,1,1
EST,Rowing,0,44,23
EST,Sailing,0,35,20
EST,Shooting,0,16,8
EST,Swimming,0,58,23
EST,Table Tennis,0,1,1
EST,Tennis,0,8,3
EST,Triathlon,0,4,2
EST,Weightlifting,1,21,18
EST,Wrestling,5,55,30
ETH,Athletics,24,358,225
ETH,Boxing,0,27,24
ETH,Cycling,0,56,29
ETH,Cycling Road,0,1,1
ETH,Swimming,0,6,6
ETH,Taekwondo,0,1,1
EUN,Archery,0,12,6
EUN,Athletics,12,114,99
EUN,Badminton,0,2,2
EUN,Basketball,12,24,24
EUN,Boxing,0,12,12
EUN,Canoeing,2,23,19
EUN,Cycling,0,21,19
EUN,Diving,0,8,7
EUN,Equestrianism,0,15,8
EUN,Fencing,5,32,20
EUN,Gymnastics,19,84,12
EUN,Handball,12,25,25
EUN,Hockey,0,15,15
EUN,Judo,2,13,13
EUN,Modern Pentathlon,0,6,3
EUN,Rhythmic Gymnastics,1,2,2
EUN,Rowing,0,47,47
EUN,Sailing,0,14,14
EUN,Shooting,5,28,22
EUN,Swimming,11,67,29
EUN,Synchronized Swimming,0,5,3
EUN,Table Tennis,0,11,6
EUN,Tennis,0,7,5
EUN,Volleyball,0,20,20
EUN,Water Polo,0,13,13
EUN,Weightlifting,5,10,10
EUN,Wrestling,6,20,20
FIJ,Archery,0,3,1
FIJ,Athletics,0,67,34
FIJ,Boxing,0,5,5
FIJ,Cycling,0,1,1
FIJ,Football,0,16,16
FIJ,Judo,0,19,12
FIJ,Rugby Sevens,26,79,65
FIJ,Sailing,0,25,16
FIJ,Shooting,0,4,1
FIJ,Swimming,0,64,16
FIJ,Table Tennis,0,3,2
FIJ,Taekwondo,0,2,2
FIJ,Weightlifting,0,8,7
FIN,Archery,1,47,23
FIN,Art Competitions,3,9,9
FIN,Athletics,64,959,518
FIN,Badminton,0,16,9
FIN,Basketball,0,23,22
FIN,Boxing,2,74,62
FIN,Canoeing,7,100,49
FIN,Cycling,0,123,50
FIN,Cycling Mountain Bike,0,1,1
FIN,Cycling Road,0,2,1
FIN,Diving,0,49,25
FIN,Equestrian,0,10,6
FIN,Equestrianism,0,57,29
FIN,Fencing,0,61,30
FIN,Figure Skating,2,3,3
FIN,Football,0,51,51
FIN,Golf,0,12,11
FIN,Gymnastics,15,714,111
FIN,Hockey,0,11,11
FIN,Judo,0,29,24
FIN,Modern Pentathlon,0,68,29
FIN,Rhythmic Gymnastics,0,4,4
FIN,Rowing,3,93,69
FIN,Sailing,3,189,142
FIN,Shooting,4,354,133
FIN,Skateboarding,0,2,2
FIN,Swimming,0,247,79
FIN,Synchronized Swimming,0,1,1
FIN,Table Tennis,0,1,1
FIN,Taekwondo,0,5,4
FIN,Tennis,0,11,5
FIN,Weightlifting,1,65,38
FIN,Wrestling,27,278,172
FRA,3x3 Basketball,0,12,11
FRA,Archery,7,174,75
FRA,Art Competitions,6,366,180
FRA,Artistic Gymnastics,0,67,10
FRA,Artistic Swimming,0,13,9
FRA,Athletics,14,1672,960
FRA,Badminton,0,34,22
FRA,Basketball,0,195,159
FRA,Beach Volleyball,0,18,15
FRA,Boxing,6,185,166
FRA,Breaking,0,4,4
FRA,Canoe Slalom,1,12,8
FRA,Canoe Sprint,0,25,11
FRA,Canoeing,10,280,161
FRA,Cricket,0,3,3
FRA,Croquet,4,19,10
FRA,Cycling,69,679,370
FRA,Cycling BMX Freestyle,0,3,2
FRA,Cycling BMX Racing,1,11,7
FRA,Cycling Mountain Bike,1,8,4
FRA,Cycling Road,0,17,11
FRA,"Cycling Road, Cycling Track",0,2,1
FRA,Cycling Track,1,61,19
FRA,Diving,0,93,58
FRA,Equestrian,0,43,19
FRA,Equestrianism,32,463,192
FRA,Fencing,135,1054,483
FRA,Figure Skating,0,2,2
FRA,Football,16,274,252
FRA,Golf,0,19,17
FRA,Gymnastics,5,1576,357
FRA,Handball,62,246,139
FRA,Hockey,0,170,143
FRA,Ice Hockey,0,7,7
FRA,Judo,41,187,108
FRA,Karate,1,3,3
FRA,Marathon Swimming,0,7,6
FRA,Modern Pentathlon,0,101,48
FRA,Motorboating,1,1,1
FRA,Polo,0,13,12
FRA,Rhythmic Gymnastics,0,26,25
FRA,Rowing,22,555,394
FRA,Rugby,15,49,48
FRA,Rugby Sevens,13,63,52
FRA,Sailing,30,511,290
FRA,Shooting,13,633,228
FRA,Skateboarding,0,12,10
FRA,Sport Climbing,0,11,10
FRA,Surfing,1,8,7
FRA,Swimming,17,1014,384
FRA,Synchronized Swimming,0,41,24
FRA,Table Tennis,0,68,22
FRA,Taekwondo,1,20,15
FRA,Tennis,12,212,83
FRA,Trampoline Gymnastics,0,4,3
FRA,Trampolining,0,6,4
FRA,Triathlon,1,42,24
FRA,Tug-Of-War,0,5,5
FRA,Volleyball,25,84,67
FRA,Water Polo,7,151,135
FRA,Weightlifting,9,137,93
FRA,Wrestling,4,201,135
FRG,Archery,0,24,16
FRG,Athletics,15,392,240
FRG,Basketball,0,24,24
FRG,Boxing,1,37,30
FRG,Canoeing,3,104,68
FRG,Cycling,11,93,66
FRG,Diving,0,39,22
FRG,Equestrianism,29,107,41
FRG,Fencing,23,153,65
FRG,Football,0,51,48
FRG,Gymnastics,0,394,47
FRG,Handball,0,58,58
FRG,Hockey,18,115,79
FRG,Judo,1,26,18
FRG,Modern Pentathlon,0,30,13
FRG,Rhythmic Gymnastics,0,4,4
FRG,Rowing,28,178,144
FRG,Sailing,4,64,50
FRG,Shooting,4,81,59
FRG,Swimming,3,356,116
FRG,Synchronized Swimming,0,10,5
FRG,Table Tennis,0,10,6
FRG,Tennis,1,9,5
FRG,Volleyball,0,34,34
FRG,Water Polo,0,58,37
FRG,Weightlifting,2,31,22
FRG,Wrestling,1,76,56
FSM,Athletics,0,12,10
FSM,Boxing,0,1,1
FSM,Swimming,0,14,9
FSM,Weightlifting,0,4,1
FSM,Wrestling,0,1,1
GAB,Athletics,0,24,13
GAB,Boxing,0,12,12
GAB,Football,0,15,15
GAB,Judo,0,12,9
GAB,Swimming,0,5,5
GAB,Taekwondo,0,5,4
GAM,Athletics,0,57,31
GAM,Boxing,0,1,1
GAM,Judo,0,3,1
GAM,Swimming,0,4,4
GAM,Taekwondo,0,1,1
GAM,Wrestling,0,3,3
GBR,Archery,2,161,85
GBR,Art Competitions,3,339,150
GBR,Artistic Gymnastics,1,131,15
GBR,Artistic Swimming,0,4,2
GBR,Athletics,79,2436,1344
GBR,Badminton,0,94,46
GBR,Basketball,0,37,37
GBR,Beach Volleyball,0,6,6
GBR,Boxing,20,241,231
GBR,Canoe Slalom,0,12,5
GBR,Canoe Sprint,0,6,4
GBR,Canoeing,6,262,143
GBR,Cricket,12,21,21
GBR,Cycling,59,634,312
GBR,Cycling BMX Freestyle,1,4,4
GBR,Cycling BMX Racing,1,6,4
GBR,Cycling Mountain Bike,1,5,4
GBR,Cycling Road,0,17,11
GBR,"Cycling Road, Cycling Mountain Bike",0,2,1
GBR,Cycling Track,8,73,27
GBR,Diving,4,253,136
GBR,Equestrian,13,45,16
GBR,Equestrianism,26,378,112
GBR,Fencing,1,591,193
GBR,Figure Skating,1,21,16
GBR,Football,36,183,171
GBR,Golf,1,19,17
GBR,Gymnastics,2,1127,243
GBR,Handball,0,28,28
GBR,Hockey,57,492,356
GBR,Jeu De Paume,0,9,9
GBR,Judo,0,122,80
GBR,Lacrosse,0,12,12
GBR,Marathon Swimming,0,5,5
GBR,Modern Pentathlon,6,114,57
GBR,Motorboating,6,16,13
GBR,Polo,11,30,26
GBR,Racquets,3,12,7
GBR,Rhythmic Gymnastics,0,13,13
GBR,Rowing,124,791,558
GBR,Rugby,0,30,30
GBR,Rugby Sevens,0,64,57
GBR,Sailing,77,364,259
GBR,Shooting,30,489,224
GBR,Skateboarding,0,5,4
GBR,Sport Climbing,1,5,5
GBR,Swimming,41,1426,532
GBR,Synchronized Swimming,0,30,18
GBR,Table Tennis,0,39,18
GBR,Taekwondo,2,26,16
GBR,Tennis,25,208,84
GBR,Trampoline Gymnastics,1,5,4
GBR,Trampolining,0,9,8
GBR,Triathlon,8,44,26
GBR,Tug-Of-War,16,40,30
GBR,Volleyball,0,24,24
GBR,Water Polo,27,107,84
GBR,Weightlifting,1,133,94
GBR,Wrestling,3,198,140
GBS,Athletics,0,14,9
GBS,Judo,0,3,3
GBS,Swimming,0,1,1
GBS,Taekwondo,0,1,1
GBS,Wrestling,0,12,7
GDR,Athletics,50,366,237
GDR,Boxing,5,45,35
GDR,Canoeing,24,99,70
GDR,Cycling,9,74,51
GDR,Diving,2,43,23
GDR,Equestrianism,0,28,11
GDR,Fencing,0,50,27
GDR,Football,17,51,46
GDR,Gymnastics,6,420,50
GDR,Handball,14,71,60
GDR,Hockey,0,14,14
GDR,Judo,1,21,15
GDR,Modern Pentathlon,0,6,3
GDR,Rowing,139,205,163
GDR,Sailing,4,47,35
GDR,Shooting,3,71,40
GDR,Swimming,62,334,121
GDR,Volleyball,0,60,49
GDR,Water Polo,0,11,11
GDR,Weightlifting,1,31,25
GDR,Wrestling,2,57,44
GEO,Archery,0,18,5
GEO,Athletics,0,24,19
GEO,Beach Volleyball,0,4,4
GEO,Boxing,0,16,15
GEO,Canoeing,0,1,1
GEO,Cycling,0,1,1
GEO,Diving,0,3,3
GEO,Fencing,0,4,2
GEO,Gymnastics,0,24,1
GEO,Judo,5,69,40
GEO,Karate,0,1,1
GEO,Modern Pentathlon,0,1,1
GEO,Rhythmic Gymnastics,0,4,3
GEO,Sailing,0,2,2
GEO,Shooting,0,23,5
GEO,Swimming,0,11,10
GEO,Tennis,0,5,3
GEO,Trampoline Gymnastics,0,1,1
GEO,Trampolining,0,5,2
GEO,Weightlifting,4,23,16
GEO,Wrestling,4,81,56
GEQ,Athletics,0,41,27
GEQ,Judo,0,1,1
GEQ,Swimming,0,4,4
GER,3x3 Basketball,4,4,4
GER,Alpinism,2,2,2
GER,Archery,0,56,21
GER,Art Competitions,9,356,191
GER,Artistic Gymnastics,0,114,11
GER,Athletics,27,1457,887
GER,Badminton,0,60,29
GER,Basketball,0,70,63
GER,Beach Volleyball,4,54,37
GER,Boxing,5,114,103
GER,Canoe Slalom,1,12,7
GER,Canoe Sprint,10,51,28
GER,Canoeing,77,281,147
GER,Cycling,33,416,191
GER,Cycling BMX Freestyle,0,2,2
GER,Cycling BMX Racing,0,4,4
GER,Cycling Mountain Bike,0,7,7
GER,Cycling Road,0,19,12
GER,"Cycling Road, Cycling Track",0,2,1
GER,Cycling Track,6,77,27
GER,Diving,6,183,86
GER,Equestrian,13,45,19
GER,Equestrianism,77,301,103
GER,Fencing,19,399,141
GER,Figure Skating,2,3,3
GER,Football,18,232,203
GER,Golf,0,12,11
GER,Gymnastics,46,994,167
GER,Handball,22,206,162
GER,Hockey,65,402,272
GER,Judo,3,133,81
GER,Karate,0,4,4
GER,Marathon Swimming,1,5,4
GER,"Marathon Swimming, Swimming",0,8,3
GER,Modern Pentathlon,2,59,35
GER,Polo,0,4,4
GER,Rhythmic Gymnastics,1,38,37
GER,Rowing,106,573,420
GER,Rugby,0,15,15
GER,Sailing,10,205,160
GER,Shooting,11,289,133
GER,Skateboarding,0,4,2
GER,Sport Climbing,0,5,4
GER,Surfing,0,3,3
GER,Swimming,18,821,314
GER,Synchronized Swimming,0,4,2
GER,Table Tennis,0,98,28
GER,Taekwondo,0,13,11
GER,Tennis,6,117,47
GER,Trampoline Gymnastics,0,1,1
GER,Trampolining,1,9,4
GER,Triathlon,1,37,22
GER,Tug-Of-War,8,9,9
GER,Volleyball,0,73,57
GER,Water Polo,8,123,96
GER,Weightlifting,6,99,74
GER,Wrestling,6,182,133
GHA,Athletics,0,208,107
GHA,Boxing,0,59,53
GHA,Football,0,98,88
GHA,Judo,0,3,3
GHA,Swimming,0,6,6
GHA,Table Tennis,0,8,5
GHA,Weightlifting,0,3,2
GRE,Archery,0,18,6
GRE,Art Competitions,1,9,7
GRE,Artistic Gymnastics,0,3,1
GRE,Artistic Swimming,0,12,9
GRE,Athletics,10,703,393
GRE,Badminton,0,2,2
GRE,Baseball,0,23,23
GRE,Basketball,0,72,64
GRE,Beach Volleyball,0,14,7
GRE,Boxing,0,33,27
GRE,Canoeing,0,15,6
GRE,Cycling,1,82,41
GRE,Cycling Mountain Bike,0,1,1
GRE,Cycling Road,0,2,2
GRE,Cycling Track,0,1,1
GRE,Diving,2,26,14
GRE,Equestrian,0,1,1
GRE,Equestrianism,0,12,7
GRE,Fencing,3,151,60
GRE,Football,0,78,78
GRE,Golf,0,1,1
GRE,Gymnastics,6,139,45
GRE,Handball,0,30,30
GRE,Judo,1,28,20
GRE,Marathon Swimming,0,2,2
GRE,Modern Pentathlon,0,5,4
GRE,Rhythmic Gymnastics,0,40,37
GRE,Rowing,18,205,173
GRE,Sailing,6,153,90
GRE,Shooting,6,399,119
GRE,Softball,0,14,14
GRE,Swimming,1,297,117
GRE,Synchronized Swimming,0,20,14
GRE,Table Tennis,0,23,5
GRE,Taekwondo,1,12,6
GRE,Tennis,1,81,37
GRE,Trampolining,0,1,1
GRE,Triathlon,0,3,2
GRE,Tug-Of-War,0,13,13
GRE,Volleyball,0,24,24
GRE,Water Polo,0,239,140
GRE,Weightlifting,7,84,54
GRE,Wrestling,1,148,96
GRN,Athletics,1,46,32
GRN,Boxing,0,9,8
GRN,Swimming,0,10,10
GRN,Taekwondo,0,1,1
GUA,Art Competitions,0,1,1
GUA,Athletics,0,90,54
GUA,Badminton,0,8,5
GUA,Boxing,0,7,7
GUA,Canoeing,0,1,1
GUA,Cycling,0,35,24
GUA,Cycling Road,0,1,1
GUA,Equestrianism,0,6,4
GUA,Fencing,0,7,4
GUA,Football,0,53,49
GUA,Gymnastics,0,18,3
GUA,Judo,0,7,7
GUA,Modern Pentathlon,0,9,9
GUA,Rowing,0,5,4
GUA,Sailing,0,12,8
GUA,Shooting,1,58,32
GUA,Swimming,0,89,26
GUA,Taekwondo,0,5,4
GUA,Weightlifting,0,14,12
GUA,Wrestling,0,24,14
GUI,Archery,0,1,1
GUI,Athletics,0,31,20
GUI,Boxing,0,7,6
GUI,Football,0,34,33
GUI,Judo,0,14,13
GUI,Swimming,0,12,12
GUI,Taekwondo,0,1,1
GUI,Wrestling,0,3,3
GUM,Archery,0,1,1
GUM,Athletics,0,23,21
GUM,Boxing,0,1,1
GUM,Canoe Sprint,0,2,1
GUM,Canoeing,0,2,1
GUM,Cycling,0,18,8
GUM,Judo,0,9,8
GUM,Sailing,0,8,5
GUM,Swimming,0,46,17
GUM,Triathlon,0,1,1
GUM,Weightlifting,0,5,5
GUM,Wrestling,0,9,6
GUY,Athletics,0,58,36
GUY,Boxing,0,19,19
GUY,Cycling,0,16,9
GUY,Judo,0,1,1
GUY,Swimming,0,10,9
GUY,Table Tennis,0,2,1
GUY,Weightlifting,0,8,8
HAI,Art Competitions,0,1,1
HAI,Artistic Gymnastics,0,6,1
HAI,Athletics,0,62,39
HAI,Boxing,0,8,8
HAI,Fencing,0,5,4
HAI,Judo,0,16,14
HAI,Rugby,1,1,1
HAI,Shooting,0,9,5
HAI,Swimming,0,7,7
HAI,Taekwondo,0,3,3
HAI,Tennis,0,3,2
HAI,Weightlifting,0,2,2
HAI,Wrestling,0,1,1
HKG,Archery,0,11,10
HKG,Artistic Gymnastics,0,3,1
HKG,Athletics,0,39,29
HKG,Badminton,0,46,29
HKG,Boxing,0,2,2
HKG,Canoeing,0,27,13
HKG,Cycling,0,54,25
HKG,Cycling Road,0,2,2
HKG,"Cycling Road, Cycling Track",0,2,1
HKG,Cycling Track,0,8,5
HKG,Diving,0,7,6
HKG,Equestrian,0,1,1
HKG,Equestrianism,0,6,3
HKG,Fencing,3,86,40
HKG,Golf,0,2,2
HKG,Gymnastics,0,9,2
HKG,Hockey,0,17,17
HKG,Judo,0,18,14
HKG,Karate,0,1,1
HKG,Marathon Swimming,0,1,1
HKG,Rowing,0,23,18
HKG,Sailing,1,47,38
HKG,Shooting,0,35,20
HKG,Swimming,0,237,64
HKG,Table Tennis,0,98,33
HKG,Taekwondo,0,1,1
HKG,Triathlon,0,5,4
HKG,Weightlifting,0,1,1
HON,Athletics,0,32,25
HON,Boxing,0,6,5
HON,Fencing,0,1,1
HON,Football,0,90,88
HON,Judo,0,8,8
HON,Rowing,0,1,1
HON,Shooting,0,1,1
HON,Swimming,0,70,23
HON,Table Tennis,0,1,1
HON,Taekwondo,0,3,2
HON,Weightlifting,0,3,2
HON,Wrestling,0,2,2
HUN,Archery,0,15,8
HUN,Art Competitions,1,87,24
HUN,Artistic Gymnastics,0,23,5
HUN,Athletics,11,805,416
HUN,Badminton,0,9,7
HUN,Basketball,0,61,49
HUN,Boxing,10,114,87
HUN,Canoe Sprint,6,60,24
HUN,Canoeing,52,306,143
HUN,Cycling,0,121,65
HUN,Cycling Mountain Bike,0,2,2
HUN,Cycling Road,0,3,1
HUN,"Cycling Road, Cycling Mountain Bike",0,2,1
HUN,Diving,0,39,19
HUN,Equestrian,0,1,1
HUN,Equestrianism,0,84,42
HUN,Fencing,108,674,209
HUN,Football,46,132,125
HUN,Gymnastics,20,1242,164
HUN,Handball,0,256,195
HUN,Hockey,0,15,15
HUN,Judo,1,97,54
HUN,Karate,0,1,1
HUN,Marathon Swimming,1,4,3
HUN,"Marathon Swimming, Swimming",0,2,1
HUN,Modern Pentathlon,18,101,53
HUN,Polo,0,5,5
HUN,Rhythmic Gymnastics,0,9,5
HUN,Rowing,0,196,139
HUN,Sailing,0,83,62
HUN,Shooting,7,320,119
HUN,Swimming,39,816,268
HUN,Synchronized Swimming,0,4,4
HUN,Table Tennis,0,47,22
HUN,Taekwondo,1,5,5
HUN,Tennis,0,64,29
HUN,Triathlon,0,23,15
HUN,Volleyball,0,47,34
HUN,Water Polo,107,356,185
HUN,Weightlifting,2,100,70
HUN,Wrestling,20,290,177
INA,Archery,0,56,26
INA,Artistic Gymnastics,0,2,1
INA,Athletics,0,47,31
INA,Badminton,13,118,75
INA,Beach Volleyball,0,4,4
INA,Boxing,0,21,18
INA,Canoeing,0,7,4
INA,Cycling,0,12,8
INA,Cycling Track,0,1,1
INA,Diving,0,4,4
INA,Fencing,0,11,10
INA,Football,0,13,13
INA,Judo,0,10,8
INA,Rowing,0,6,5
INA,Sailing,0,14,11
INA,Shooting,0,13,8
INA,Sport Climbing,1,4,4
INA,Surfing,0,2,1
INA,Swimming,0,47,24
INA,Table Tennis,0,11,5
INA,Taekwondo,0,3,2
INA,Tennis,0,18,9
INA,Weightlifting,1,57,43
INA,Wrestling,0,2,2
IND,Archery,0,79,27
IND,Art Competitions,0,2,2
IND,Artistic Gymnastics,0,5,1
IND,Athletics,1,330,216
IND,Badminton,0,38,25
IND,Basketball,0,12,12
IND,Boxing,0,71,60
IND,Cycling,0,40,18
IND,Diving,0,2,2
IND,Equestrian,0,2,2
IND,Equestrianism,0,10,6
IND,Fencing,0,1,1
IND,Football,0,51,42
IND,Golf,0,11,7
IND,Gymnastics,0,88,11
IND,Hockey,130,397,285
IND,Judo,0,17,16
IND,Rowing,0,13,12
IND,Sailing,0,18,14
IND,Shooting,1,161,77
IND,Swimming,0,43,29
IND,Table Tennis,0,42,20
IND,Tennis,0,56,24
IND,Water Polo,0,19,17
IND,Weightlifting,0,42,32
IND,Wrestling,0,117,89
IOA,Athletics,0,13,13
IOA,Boxing,0,1,1
IOA,Canoeing,0,7,5
IOA,Cycling,0,8,5
IOA,Fencing,0,2,2
IOA,Judo,0,5,5
IOA,Rhythmic Gymnastics,0,2,2
IOA,Rowing,0,2,2
IOA,Sailing,0,1,1
IOA,Shooting,1,19,14
IOA,Swimming,0,10,6
IOA,Synchronized Swimming,0,5,3
IOA,Table Tennis,0,7,5
IOA,Tennis,0,1,1
IOA,Weightlifting,0,1,1
IOA,Wrestling,0,9,9
IRI,Archery,0,7,7
IRI,Artistic Gymnastics,0,2,1
IRI,Athletics,0,66,43
IRI,Badminton,0,2,2
IRI,Basketball,0,37,36
IRI,Boxing,0,57,51
IRI,Canoe Sprint,0,3,3
IRI,Canoeing,0,6,4
IRI,Cycling,0,70,36
IRI,Cycling Road,0,3,2
IRI,Diving,0,1,1
IRI,Equestrianism,0,1,1
IRI,Fencing,0,70,26
IRI,Football,0,48,45
IRI,Gymnastics,0,12,2
IRI,Judo,0,18,14
IRI,Karate,1,3,3
IRI,Rowing,0,9,7
IRI,Shooting,1,51,28
IRI,Sport Climbing,0,1,1
IRI,Swimming,0,8,8
IRI,Table Tennis,0,13,8
IRI,Taekwondo,3,21,18
IRI,Volleyball,0,24,22
IRI,Water Polo,0,11,11
IRI,Weightlifting,7,78,56
IRI,Wrestling,12,212,152
IRL,Archery,0,11,7
IRL,Art Competitions,0,42,31
IRL,Artistic Gymnastics,1,8,2
IRL,Athletics,4,360,223
IRL,Badminton,0,10,5
IRL,Basketball,0,13,13
IRL,Boxing,4,141,119
IRL,Canoe Slalom,0,8,4
IRL,Canoeing,0,48,20
IRL,Cycling,0,73,47
IRL,Cycling Road,0,8,6
IRL,Cycling Track,0,21,11
IRL,Diving,0,6,5
IRL,Equestrian,0,32,13
IRL,Equestrianism,0,183,76
IRL,Fencing,0,53,17
IRL,Football,0,23,23
IRL,Golf,0,12,6
IRL,Gymnastics,0,18,3
IRL,Hockey,0,51,49
IRL,Judo,0,18,16
IRL,"Marathon Swimming, Swimming",0,3,1
IRL,Modern Pentathlon,0,11,5
IRL,Rowing,4,95,71
IRL,Rugby Sevens,0,41,33
IRL,Sailing,0,93,63
IRL,Shooting,0,26,16
IRL,Swimming,3,155,55
IRL,Taekwondo,0,2,1
IRL,Tennis,0,19,7
IRL,Triathlon,0,7,6
IRL,Water Polo,0,14,12
IRL,Weightlifting,0,3,3
IRL,Wrestling,0,9,6
IRQ,Archery,0,1,1
IRQ,Athletics,0,52,32
IRQ,Basketball,0,10,10
IRQ,Boxing,0,22,19
IRQ,Cycling,0,3,3
IRQ,Football,0,99,92
IRQ,Judo,0,3,3
IRQ,Rowing,0,4,4
IRQ,Shooting,0,4,3
IRQ,Swimming,0,5,5
IRQ,Table Tennis,0,1,1
IRQ,Taekwondo,0,1,1
IRQ,Weightlifting,0,30,25
IRQ,Wrestling,0,23,19
ISL,Art Competitions,0,1,1
ISL,Athletics,0,119,66
ISL,Badminton,0,8,4
ISL,Gymnastics,0,25,2
ISL,Handball,0,102,71
ISL,Judo,0,15,9
ISL,Sailing,0,6,4
ISL,Shooting,0,6,5
ISL,Swimming,0,138,51
ISL,Triathlon,0,1,1
ISL,Water Polo,0,8,8
ISL,Weightlifting,0,7,5
ISL,Wrestling,0,2,2
ISR,Archery,0,5,3
ISR,Artistic Gymnastics,1,17,3
ISR,Artistic Swimming,0,4,3
ISR,Athletics,0,101,65
ISR,Badminton,0,5,2
ISR,Baseball/Softball,0,24,24
ISR,Basketball,0,12,12
ISR,Boxing,0,5,5
ISR,Canoeing,0,15,6
ISR,Cycling,0,4,4
ISR,Cycling Mountain Bike,0,2,2
ISR,Cycling Road,0,4,3
ISR,Cycling Track,0,2,1
ISR,Diving,0,3,1
ISR,Equestrian,0,13,7
ISR,Fencing,0,22,14
ISR,Football,0,51,51
ISR,Golf,0,1,1
ISR,Gymnastics,0,90,14
ISR,Judo,0,79,35
ISR,Marathon Swimming,0,2,1
ISR,Rhythmic Gymnastics,1,38,35
ISR,Sailing,2,68,46
ISR,Shooting,0,66,26
ISR,Surfing,0,2,1
ISR,Swimming,0,201,65
ISR,Synchronized Swimming,0,8,3
ISR,Table Tennis,0,1,1
ISR,Taekwondo,0,5,4
ISR,Tennis,0,20,10
ISR,Triathlon,0,4,3
ISR,Weightlifting,0,13,13
ISR,Wrestling,0,17,14
ISV,Archery,0,2,1
ISV,Athletics,0,63,31
ISV,Boxing,0,10,9
ISV,Cycling,0,2,2
ISV,Equestrianism,0,4,4
ISV,Fencing,0,6,5
ISV,Sailing,0,48,35
ISV,Shooting,0,23,15
ISV,Swimming,0,86,24
ISV,Weightlifting,0,1,1
ISV,Wrestling,0,4,4
ITA,3x3 Basketball,0,4,4
ITA,Archery,4,111,31
ITA,Art Competitions,5,189,119
ITA,Artistic Gymnastics,1,110,16
ITA,Artistic Swimming,0,21,15
ITA,Athletics,29,1210,665
ITA,Badminton,0,4,3
ITA,Baseball,0,88,67
ITA,Baseball/Softball,0,15,15
ITA,Basketball,0,196,143
ITA,Beach Volleyball,0,36,23
ITA,Boxing,15,187,167
ITA,Breaking,0,1,1
ITA,Canoe Slalom,1,10,4
ITA,Canoe Sprint,0,10,7
ITA,Canoeing,8,180,104
ITA,Cycling,70,447,289
ITA,Cycling BMX Racing,0,3,3
ITA,Cycling Mountain Bike,0,8,7
ITA,Cycling Road,0,19,13
ITA,"Cycling Road, Cycling Track",0,10,3
ITA,Cycling Track,8,43,16
ITA,Diving,3,119,51
ITA,Equestrian,0,18,11
ITA,Equestrianism,10,293,92
ITA,Fencing,155,820,250
ITA,Football,14,240,223
ITA,Golf,0,11,8
ITA,Gymnastics,68,1363,228
ITA,Hockey,0,33,32
ITA,Judo,5,118,63
ITA,Karate,1,5,5
ITA,Marathon Swimming,0,5,5
ITA,"Marathon Swimming, Swimming",0,5,2
ITA,Modern Pentathlon,4,96,49
ITA,Rhythmic Gymnastics,0,61,43
ITA,Rowing,56,589,414
ITA,Sailing,14,283,190
ITA,Shooting,18,383,163
ITA,Skateboarding,0,5,4
ITA,Softball,0,30,25
ITA,Sport Climbing,0,7,6
ITA,Surfing,0,2,1
ITA,Swimming,7,864,303
ITA,Synchronized Swimming,0,52,35
ITA,Table Tennis,0,22,11
ITA,Taekwondo,2,16,12
ITA,Tennis,2,135,51
ITA,Trampolining,0,3,1
ITA,Triathlon,0,32,19
ITA,Tug-Of-War,0,8,8
ITA,Volleyball,13,242,143
ITA,Water Polo,46,318,191
ITA,Weightlifting,5,102,70
ITA,Wrestling,7,169,110
IVB,Athletics,0,36,21
IVB,Sailing,0,11,9
IVB,Swimming,0,2,1
JAM,Artistic Gymnastics,0,1,1
JAM,Athletics,48,837,363
JAM,Badminton,0,1,1
JAM,Boxing,0,23,22
JAM,Cycling,0,35,17
JAM,Diving,0,4,2
JAM,Equestrianism,0,2,1
JAM,Gymnastics,0,4,1
JAM,Judo,0,2,2
JAM,Sailing,0,17,11
JAM,Shooting,0,2,2
JAM,Swimming,0,44,16
JAM,Table Tennis,0,6,3
JAM,Taekwondo,0,1,1
JAM,Triathlon,0,1,1
JAM,Weightlifting,0,5,4
JOR,Archery,0,1,1
JOR,Artistic Gymnastics,0,2,1
JOR,Athletics,0,23,16
JOR,Boxing,0,13,11
JOR,Equestrian,0,1,1
JOR,Equestrianism,0,4,2
JOR,Fencing,0,2,2
JOR,Judo,0,2,2
JOR,Karate,0,1,1
JOR,Shooting,0,17,14
JOR,Swimming,0,17,12
JOR,Table Tennis,0,6,5
JOR,Taekwondo,1,14,11
JOR,Triathlon,0,1,1
JOR,Wrestling,0,4,2
JPN,3x3 Basketball,0,8,8
JPN,Archery,0,115,46
JPN,Art Competitions,0,129,93
JPN,Artistic Gymnastics,9,134,17
JPN,Artistic Swimming,0,21,14
JPN,Athletics,8,919,566
JPN,Badminton,2,99,69
JPN,Baseball,0,112,99
JPN,Baseball/Softball,39,39,39
JPN,Basketball,0,163,125
JPN,Beach Volleyball,0,24,16
JPN,Boxing,3,85,77
JPN,Breaking,1,4,4
JPN,Canoe Slalom,0,11,6
JPN,Canoe Sprint,0,11,8
JPN,Canoeing,0,98,57
JPN,Cycling,0,170,106
JPN,Cycling BMX Freestyle,0,3,3
JPN,Cycling BMX Racing,0,4,3
JPN,Cycling Mountain Bike,0,3,3
JPN,Cycling Road,0,7,4
JPN,Cycling Track,0,46,20
JPN,Diving,0,111,48
JPN,Equestrian,0,38,14
JPN,Equestrianism,1,199,75
JPN,Fencing,9,235,102
JPN,Football,0,307,259
JPN,Golf,0,12,11
JPN,Gymnastics,65,1216,135
JPN,Handball,0,111,97
JPN,Hockey,0,177,131
JPN,Judo,51,183,111
JPN,Karate,1,8,8
JPN,Marathon Swimming,0,4,3
JPN,Modern Pentathlon,0,51,27
JPN,Rhythmic Gymnastics,0,40,31
JPN,Rowing,0,188,159
JPN,Rugby Sevens,0,77,65
JPN,Sailing,0,138,98
JPN,Shooting,1,222,92
JPN,Skateboarding,5,20,16
JPN,Softball,15,59,43
JPN,Sport Climbing,0,8,6
JPN,Surfing,0,8,7
JPN,Swimming,30,966,373
JPN,Synchronized Swimming,0,78,45
JPN,Table Tennis,2,122,41
JPN,Taekwondo,0,11,7
JPN,Tennis,0,92,39
JPN,Trampoline Gymnastics,0,6,5
JPN,Trampolining,0,12,9
JPN,Triathlon,0,36,19
JPN,Volleyball,36,282,205
JPN,Water Polo,0,115,93
JPN,Weightlifting,2,121,87
JPN,Wrestling,45,263,200
KAZ,Archery,0,39,19
KAZ,Artistic Gymnastics,0,17,2
KAZ,Artistic Swimming,0,2,2
KAZ,Athletics,2,156,92
KAZ,Badminton,0,1,1
KAZ,Boxing,7,75,60
KAZ,Breaking,0,1,1
KAZ,Canoe Slalom,0,2,2
KAZ,Canoe Sprint,0,17,10
KAZ,Canoeing,0,68,27
KAZ,Cycling,1,41,19
KAZ,Cycling Road,0,7,4
KAZ,Cycling Track,0,5,3
KAZ,Diving,0,13,8
KAZ,Fencing,0,19,14
KAZ,Gymnastics,0,45,7
KAZ,Handball,0,14,14
KAZ,Judo,1,71,48
KAZ,Karate,0,5,5
KAZ,Marathon Swimming,0,1,1
KAZ,Modern Pentathlon,1,14,10
KAZ,Rhythmic Gymnastics,0,6,5
KAZ,Rowing,0,10,6
KAZ,Shooting,0,80,30
KAZ,Sport Climbing,0,2,2
KAZ,Swimming,1,74,37
KAZ,Synchronized Swimming,0,10,8
KAZ,Table Tennis,0,5,4
KAZ,Taekwondo,0,13,12
KAZ,Tennis,0,24,10
KAZ,Trampoline Gymnastics,0,1,1
KAZ,Trampolining,0,1,1
KAZ,Triathlon,0,7,5
KAZ,Volleyball,0,12,12
KAZ,Water Polo,0,74,57
KAZ,Weightlifting,6,42,34
KAZ,Wrestling,1,96,66
KEN,Archery,0,4,3
KEN,Athletics,41,555,358
KEN,Beach Volleyball,0,2,2
KEN,Boxing,1,66,56
KEN,Cycling,0,1,1
KEN,Fencing,0,1,1
KEN,Hockey,0,110,69
KEN,Judo,0,9,9
KEN,Rowing,0,2,2
KEN,Rugby Sevens,0,63,58
KEN,Sailing,0,4,4
KEN,Shooting,0,32,19
KEN,Swimming,0,17,13
KEN,Taekwondo,0,3,3
KEN,Volleyball,0,49,39
KEN,Weightlifting,0,9,8
KEN,Wrestling,0,7,4
KGZ,Athletics,0,36,25
KGZ,Boxing,0,13,11
KGZ,Canoeing,0,4,2
KGZ,Cycling,0,5,1
KGZ,Fencing,0,3,3
KGZ,Judo,0,17,14
KGZ,Modern Pentathlon,0,3,3
KGZ,Sailing,0,1,1
KGZ,Shooting,0,19,5
KGZ,Swimming,0,82,35
KGZ,Taekwondo,0,2,1
KGZ,Weightlifting,0,8,7
KGZ,Wrestling,0,53,35
KIR,Athletics,0,9,9
KIR,Judo,0,2,2
KIR,Weightlifting,0,6,4
KOR,Archery,68,130,51
KOR,Artistic Gymnastics,1,86,11
KOR,Artistic Swimming,0,2,2
KOR,Athletics,1,253,170
KOR,Badminton,12,136,80
KOR,Baseball,24,68,60
KOR,Baseball/Softball,0,24,24
KOR,Basketball,0,146,115
KOR,Boxing,3,114,97
KOR,Breaking,0,1,1
KOR,Canoe Sprint,0,1,1
KOR,Canoeing,0,48,26
KOR,Cycling,0,113,70
KOR,Cycling Road,0,3,3
KOR,Cycling Track,0,2,1
KOR,Diving,0,41,27
KOR,Equestrian,0,2,2
KOR,Equestrianism,0,54,27
KOR,Fencing,16,251,108
KOR,Football,0,178,170
KOR,Golf,1,17,16
KOR,Gymnastics,1,512,58
KOR,Handball,25,260,171
KOR,Hockey,0,225,155
KOR,Judo,11,167,115
KOR,Karate,0,1,1
KOR,Modern Pentathlon,0,39,24
KOR,Rhythmic Gymnastics,0,7,6
KOR,Rowing,0,65,62
KOR,Rugby Sevens,0,13,13
KOR,Sailing,0,45,29
KOR,Shooting,10,259,154
KOR,Sport Climbing,0,5,4
KOR,Swimming,1,282,114
KOR,Synchronized Swimming,0,11,8
KOR,Table Tennis,4,125,42
KOR,Taekwondo,14,31,25
KOR,Tennis,0,30,14
KOR,Triathlon,0,1,1
KOR,Volleyball,0,227,176
KOR,Water Polo,0,13,13
KOR,Weightlifting,3,129,89
KOR,Wrestling,11,161,129
KOS,Athletics,0,4,3
KOS,Boxing,0,2,1
KOS,Cycling,0,1,1
KOS,Judo,3,12,6
KOS,Shooting,0,2,2
KOS,Swimming,0,6,6
KOS,Wrestling,0,1,1
KSA,Archery,0,5,5
KSA,Athletics,0,109,64
KSA,Cycling,0,14,9
KSA,Equestrian,0,6,3
KSA,Equestrianism,0,28,7
KSA,Fencing,0,12,9
KSA,Football,0,52,52
KSA,Judo,0,5,4
KSA,Karate,0,1,1
KSA,Rowing,0,1,1
KSA,Shooting,0,15,11
KSA,Swimming,0,12,7
KSA,Table Tennis,0,3,3
KSA,Taekwondo,0,2,2
KSA,Weightlifting,0,9,9
KUW,Athletics,0,53,35
KUW,Boxing,0,3,3
KUW,Diving,0,8,6
KUW,Fencing,0,58,23
KUW,Football,0,51,50
KUW,Handball,0,26,25
KUW,Judo,0,24,18
KUW,Karate,0,1,1
KUW,Rowing,0,3,3
KUW,Sailing,0,1,1
KUW,Shooting,0,30,16
KUW,Swimming,0,39,23
KUW,Table Tennis,0,3,2
KUW,Taekwondo,0,1,1
KUW,Weightlifting,0,2,1
LAO,Archery,0,1,1
LAO,Athletics,0,30,23
LAO,Boxing,0,9,9
LAO,Cycling,0,1,1
LAO,Judo,0,2,1
LAO,Rhythmic Gymnastics,0,1,1
LAO,Shooting,0,6,6
LAO,Swimming,0,12,10
LAT,3x3 Basketball,4,8,6
LAT,Art Competitions,0,24,7
LAT,Athletics,0,162,100
LAT,Basketball,0,19,19
LAT,Beach Volleyball,0,14,9
LAT,Boxing,0,3,3
LAT,Canoe Sprint,0,1,1
LAT,Canoeing,0,20,10
LAT,Cycling,2,62,33
LAT,Cycling BMX Freestyle,0,1,1
LAT,Cycling BMX Racing,0,4,4
LAT,Cycling Mountain Bike,0,1,1
LAT,Cycling Road,0,5,3
LAT,Diving,0,1,1
LAT,Equestrian,0,2,1
LAT,Fencing,0,1,1
LAT,Football,0,11,11
LAT,Gymnastics,1,28,4
LAT,Judo,0,11,6
LAT,Karate,0,1,1
LAT,Modern Pentathlon,0,18,7
LAT,Rowing,0,8,6
LAT,Sailing,0,9,6
LAT,Shooting,0,21,8
LAT,Swimming,0,34,13
LAT,Table Tennis,0,1,1
LAT,Tennis,0,11,6
LAT,Weightlifting,0,23,15
LAT,Wrestling,0,19,16
LBA,Archery,0,1,1
LBA,Athletics,0,29,21
LBA,Cycling,0,14,11
LBA,Judo,0,8,7
LBA,Rowing,0,3,3
LBA,Shooting,0,1,1
LBA,Swimming,0,17,13
LBA,Table Tennis,0,1,1
LBA,Taekwondo,0,3,3
LBA,Volleyball,0,9,9
LBA,Weightlifting,0,8,8
LBN,Athletics,0,1,1
LBN,Fencing,0,1,1
LBN,Judo,0,2,2
LBN,Shooting,0,2,1
LBN,Swimming,0,4,4
LBN,Table Tennis,0,1,1
LBN,Taekwondo,0,1,1
LBN,Tennis,0,4,2
LBN,Weightlifting,0,1,1
LBR,Athletics,0,84,45
LBR,Boxing,0,4,4
LCA,Athletics,1,23,15
LCA,Sailing,0,6,5
LCA,Swimming,0,9,8
LES,Athletics,0,55,40
LES,Boxing,0,10,10
LES,Cycling,0,1,1
LES,Swimming,0,1,1
LES,Taekwondo,0,4,4
LIB,Athletics,0,29,19
LIB,Boxing,0,9,8
LIB,Canoeing,0,1,1
LIB,Cycling,0,13,8
LIB,Fencing,0,55,18
LIB,Judo,0,18,16
LIB,Rowing,0,1,1
LIB,Sailing,0,3,3
LIB,Shooting,0,26,20
LIB,Swimming,0,43,19
LIB,Table Tennis,0,3,3
LIB,Taekwondo,0,1,1
LIB,Weightlifting,0,13,9
LIB,Wrestling,0,23,20
LIE,Artistic Swimming,0,2,2
LIE,Athletics,0,33,17
LIE,Cycling,0,14,8
LIE,Cycling Mountain Bike,0,1,1
LIE,Equestrianism,0,1,1
LIE,Gymnastics,0,7,1
LIE,Judo,0,17,12
LIE,Shooting,0,16,11
LIE,Swimming,0,10,2
LIE,Tennis,0,2,1
LTU,3x3 Basketball,0,4,4
LTU,Artistic Gymnastics,0,10,1
LTU,Athletics,3,134,87
LTU,Badminton,0,3,2
LTU,Basketball,0,83,52
LTU,Beach Volleyball,0,2,2
LTU,Boxing,0,18,14
LTU,Breaking,0,1,1
LTU,Canoe Sprint,0,8,5
LTU,Canoeing,0,26,15
LTU,Cycling,0,81,35
LTU,Cycling Road,0,3,2
LTU,Cycling Track,0,10,4
LTU,Equestrian,0,2,2
LTU,Football,0,11,11
LTU,Gymnastics,0,23,5
LTU,Judo,0,9,7
LTU,Modern Pentathlon,1,25,12
LTU,Rhythmic Gymnastics,0,1,1
LTU,Rowing,0,47,36
LTU,Sailing,0,14,8
LTU,Shooting,1,8,3
LTU,Swimming,1,104,36
LTU,Table Tennis,0,5,2
LTU,Tennis,0,1,1
LTU,Weightlifting,0,7,4
LTU,Wrestling,0,20,12
LUX,Archery,0,12,8
LUX,Art Competitions,2,42,10
LUX,Athletics,2,108,55
LUX,Boxing,0,29,26
LUX,Canoeing,0,19,12
LUX,Cycling,0,72,42
LUX,Cycling Road,0,6,4
LUX,Equestrian,0,2,1
LUX,Fencing,0,58,22
LUX,Football,0,67,60
LUX,Gymnastics,0,433,56
LUX,Judo,0,4,2
LUX,Sailing,0,1,1
LUX,Shooting,0,22,13
LUX,Swimming,0,57,31
LUX,Table Tennis,0,11,5
LUX,Tennis,0,9,4
LUX,Triathlon,0,6,5
LUX,Water Polo,0,7,7
LUX,Weightlifting,0,14,10
LUX,Wrestling,0,18,15
MAD,Athletics,0,61,37
MAD,Boxing,0,12,10
MAD,Cycling,0,1,1
MAD,Judo,0,15,14
MAD,Swimming,0,25,16
MAD,Table Tennis,0,1,1
MAD,Tennis,0,8,2
MAD,Weightlifting,0,6,6
MAD,Wrestling,0,1,1
MAL,Athletics,0,13,10
MAL,Hockey,0,17,17
MAL,Shooting,0,5,5
MAL,Swimming,0,5,3
MAL,Weightlifting,0,5,5
MAR,Archery,0,1,1
MAR,Athletics,8,226,148
MAR,Basketball,0,12,12
MAR,Beach Volleyball,0,4,2
MAR,Boxing,0,92,71
MAR,Breaking,0,2,2
MAR,Canoe Slalom,0,4,2
MAR,Canoe Sprint,0,1,1
MAR,Canoeing,0,3,3
MAR,Cycling,0,20,12
MAR,Cycling BMX Racing,0,1,1
MAR,Cycling Road,0,3,2
MAR,Equestrian,0,10,6
MAR,Equestrianism,0,2,2
MAR,Fencing,0,33,12
MAR,Football,0,129,127
MAR,Golf,0,3,2
MAR,Gymnastics,0,49,7
MAR,Judo,0,34,25
MAR,Karate,0,1,1
MAR,Modern Pentathlon,0,2,2
MAR,Rowing,0,2,2
MAR,Sailing,0,2,2
MAR,Shooting,0,11,8
MAR,Skateboarding,0,1,1
MAR,Surfing,0,2,1
MAR,Swimming,0,13,9
MAR,Table Tennis,0,1,1
MAR,Taekwondo,0,20,15
MAR,Tennis,0,6,3
MAR,Triathlon,0,2,2
MAR,Weightlifting,0,12,10
MAR,Wrestling,0,42,30
MAS,Archery,0,30,12
MAS,Artistic Gymnastics,0,12,2
MAS,Athletics,0,69,43
MAS,Badminton,0,67,42
MAS,Boxing,0,3,3
MAS,Canoeing,0,1,1
MAS,Cycling,0,51,23
MAS,Cycling Road,0,1,1
MAS,Cycling Track,0,10,3
MAS,Diving,0,44,19
MAS,Fencing,0,4,2
MAS,Football,0,15,15
MAS,Golf,0,8,5
MAS,Gymnastics,0,9,2
MAS,Hockey,0,126,91
MAS,Judo,0,1,1
MAS,Sailing,0,13,7
MAS,Shooting,0,24,20
MAS,Swimming,0,99,33
MAS,Table Tennis,0,4,2
MAS,Taekwondo,0,4,3
MAS,Weightlifting,0,12,11
MAS,Wrestling,0,2,2
MAW,Archery,0,2,1
MAW,Athletics,0,48,31
MAW,Boxing,0,16,15
MAW,Cycling,0,17,6
MAW,Judo,0,1,1
MAW,Swimming,0,11,10
MDA,Archery,0,12,4
MDA,Athletics,0,72,36
MDA,Boxing,0,8,5
MDA,Canoe Sprint,0,10,3
MDA,Canoeing,0,8,6
MDA,Cycling,0,12,7
MDA,Equestrian,0,1,1
MDA,Judo,0,16,13
MDA,Shooting,0,8,4
MDA,Swimming,0,45,23
MDA,Table Tennis,0,1,1
MDA,Taekwondo,0,1,1
MDA,Tennis,0,1,1
MDA,Weightlifting,0,24,17
MDA,Wrestling,0,28,22
MDV,Athletics,0,35,21
MDV,Badminton,0,3,2
MDV,Swimming,0,19,14
MDV,Table Tennis,0,1,1
MEX,Archery,0,79,31
MEX,Art Competitions,0,18,2
MEX,Artistic Gymnastics,0,30,4
MEX,Artistic Swimming,0,13,9
MEX,Athletics,3,413,258
MEX,Badminton,0,6,6
MEX,Baseball/Softball,0,39,39
MEX,Basketball,0,84,65
MEX,Beach Volleyball,0,14,12
MEX,Boxing,2,104,99
MEX,Canoe Slalom,0,3,1
MEX,Canoe Sprint,0,4,2
MEX,Canoeing,0,64,33
MEX,Cycling,0,141,81
MEX,Cycling Mountain Bike,0,4,4
MEX,Cycling Road,0,3,3
MEX,Cycling Track,0,15,5
MEX,Diving,1,194,80
MEX,Equestrian,0,14,7
MEX,Equestrianism,4,185,70
MEX,Fencing,0,129,57
MEX,Football,16,206,201
MEX,Golf,0,11,7
MEX,Gymnastics,0,244,36
MEX,Hockey,0,34,24
MEX,Judo,0,33,23
MEX,Marathon Swimming,0,3,3
MEX,Modern Pentathlon,0,83,36
MEX,Polo,0,7,5
MEX,Rhythmic Gymnastics,0,6,6
MEX,Rowing,0,73,55
MEX,Sailing,0,70,52
MEX,Shooting,0,128,74
MEX,Surfing,0,1,1
MEX,Swimming,1,403,135
MEX,Synchronized Swimming,0,34,22
MEX,Table Tennis,0,7,5
MEX,Taekwondo,2,21,17
MEX,Tennis,0,33,16
MEX,Trampoline Gymnastics,0,1,1
MEX,Triathlon,0,23,16
MEX,Volleyball,0,36,36
MEX,Water Polo,0,40,31
MEX,Weightlifting,1,33,26
MEX,Wrestling,0,75,54
MGL,3x3 Basketball,0,4,4
MGL,Archery,0,27,16
MGL,Athletics,0,28,19
MGL,Boxing,1,59,49
MGL,Cycling,0,24,13
MGL,Cycling Road,0,2,1
MGL,Gymnastics,0,49,6
MGL,Judo,1,128,75
MGL,Shooting,0,81,20
MGL,Swimming,0,13,11
MGL,Table Tennis,0,2,2
MGL,Taekwondo,0,1,1
MGL,Weightlifting,0,16,14
MGL,Wrestling,0,128,85
MHL,Athletics,0,7,6
MHL,Swimming,0,10,8
MHL,Taekwondo,0,1,1
MHL,Weightlifting,0,2,1
MKD,Athletics,0,12,11
MKD,Canoeing,0,6,4
MKD,Judo,0,3,3
MKD,Karate,0,1,1
MKD,Shooting,0,9,6
MKD,Swimming,0,33,15
MKD,Taekwondo,0,2,2
MKD,Wrestling,0,10,9
MLI,Athletics,0,36,23
MLI,Basketball,0,12,12
MLI,Boxing,0,5,5
MLI,Football,0,35,35
MLI,Judo,0,14,13
MLI,Swimming,0,13,10
MLI,Taekwondo,0,5,4
MLT,Archery,0,4,2
MLT,Athletics,0,22,18
MLT,Badminton,0,1,1
MLT,Cycling,0,18,10
MLT,Judo,0,9,5
MLT,Sailing,0,10,8
MLT,Shooting,0,21,9
MLT,Swimming,0,20,12
MLT,Water Polo,0,18,18
MLT,Weightlifting,0,2,2
MLT,Wrestling,0,4,3
MNE,Athletics,0,9,6
MNE,Boxing,0,3,3
MNE,Handball,0,44,32
MNE,Judo,0,4,2
MNE,Sailing,0,4,2
MNE,Shooting,0,5,2
MNE,Swimming,0,7,7
MNE,Tennis,0,2,2
MNE,Water Polo,0,65,41
MON,Archery,0,2,1
MON,Art Competitions,0,8,4
MON,Athletics,0,17,8
MON,Cycling,0,1,1
MON,Fencing,0,7,4
MON,Gymnastics,0,8,3
MON,Judo,0,10,6
MON,Marathon Swimming,0,1,1
MON,Rowing,0,9,7
MON,Sailing,0,13,11
MON,Shooting,0,51,20
MON,Swimming,0,15,8
MON,Table Tennis,0,2,1
MON,Taekwondo,0,1,1
MON,Triathlon,0,1,1
MON,Weightlifting,0,2,2
MOZ,Athletics,1,39,25
MOZ,Boxing,0,9,8
MOZ,Canoe Sprint,0,1,1
MOZ,Canoeing,0,4,2
MOZ,Judo,0,5,5
MOZ,Sailing,0,4,3
MOZ,Swimming,0,33,23
MRI,Archery,0,3,2
MRI,Athletics,0,51,31
MRI,Badminton,0,30,12
MRI,Beach Volleyball,0,2,2
MRI,Boxing,0,16,14
MRI,Cycling,0,2,1
MRI,Cycling Road,0,2,2
MRI,Judo,0,8,6
MRI,Sailing,0,3,3
MRI,Swimming,0,29,18
MRI,Table Tennis,0,5,3
MRI,Triathlon,0,3,2
MRI,Weightlifting,0,8,7
MRI,Wrestling,0,2,1
MTN,Athletics,0,25,19
MTN,Swimming,0,1,1
MTN,Wrestling,0,7,5
MYA,Archery,0,5,4
MYA,Athletics,0,30,20
MYA,Badminton,0,2,1
MYA,Boxing,0,20,17
MYA,Canoeing,0,2,1
MYA,Football,0,13,13
MYA,Judo,0,3,3
MYA,Rowing,0,2,1
MYA,Sailing,0,6,3
MYA,Shooting,0,7,6
MYA,Swimming,0,8,6
MYA,Weightlifting,0,17,14
NAM,Athletics,0,35,18
NAM,Boxing,0,14,12
NAM,Cycling,0,10,6
NAM,Cycling Mountain Bike,0,3,2
NAM,Cycling Road,0,3,2
NAM,Gymnastics,0,5,1
NAM,Marathon Swimming,0,2,2
NAM,Rowing,0,1,1
NAM,Shooting,0,8,2
NAM,Swimming,0,9,2
NAM,Wrestling,0,2,2
NBO,Athletics,0,2,2
NCA,Athletics,0,40,27
NCA,Baseball,0,20,19
NCA,Boxing,0,14,14
NCA,Cycling,0,10,5
NCA,Judo,0,7,5
NCA,Rowing,0,3,2
NCA,Shooting,0,10,6
NCA,Surfing,0,1,1
NCA,Swimming,0,25,14
NCA,Taekwondo,0,1,1
NCA,Weightlifting,0,12,11
NCA,Wrestling,0,1,1
NED,3x3 Basketball,4,8,6
NED,Archery,8,72,38
NED,Art Competitions,2,209,115
NED,Artistic Gymnastics,0,101,14
NED,Artistic Swimming,0,4,2
NED,Athletics,18,633,336
NED,Badminton,0,38,20
NED,Baseball,0,92,64
NED,Beach Volleyball,0,40,25
NED,Boxing,1,68,60
NED,Breaking,0,3,3
NED,Canoe Slalom,0,7,3
NED,Canoe Sprint,0,4,2
NED,Canoeing,0,85,46
NED,Cycling,25,473,236
NED,Cycling BMX Racing,1,12,9
NED,Cycling Mountain Bike,0,6,5
NED,Cycling Road,1,22,13
NED,Cycling Track,12,53,17
NED,Diving,0,38,25
NED,Equestrian,0,40,15
NED,Equestrianism,18,248,81
NED,Fencing,0,254,82
NED,Football,0,133,124
NED,Golf,0,3,2
NED,Gymnastics,12,349,83
NED,Handball,0,46,31
NED,Hockey,133,489,314
NED,Judo,4,124,66
NED,Marathon Swimming,1,3,2
NED,Modern Pentathlon,0,18,13
NED,Rowing,36,538,391
NED,Sailing,15,231,149
NED,Shooting,0,175,68
NED,Skateboarding,0,4,2
NED,Softball,0,30,30
NED,Swimming,30,775,271
NED,Synchronized Swimming,0,14,8
NED,Table Tennis,0,44,11
NED,Taekwondo,0,7,7
NED,Tennis,0,69,29
NED,Trampolining,0,4,2
NED,Triathlon,0,23,16
NED,Tug-Of-War,0,8,8
NED,Volleyball,12,118,85
NED,Water Polo,12,221,164
NED,Weightlifting,0,24,20
NED,Wrestling,0,44,36
NEP,Archery,0,1,1
NEP,Athletics,0,41,32
NEP,Badminton,0,1,1
NEP,Boxing,0,15,14
NEP,Judo,0,6,6
NEP,Shooting,0,9,9
NEP,Swimming,0,16,13
NEP,Table Tennis,0,1,1
NEP,Taekwondo,0,3,3
NEP,Weightlifting,0,7,7
NFL,Athletics,0,1,1
NGR,Artistic Gymnastics,0,7,1
NGR,Athletics,7,486,245
NGR,Badminton,0,9,6
NGR,Basketball,0,71,62
NGR,Boxing,0,75,69
NGR,Canoe Sprint,0,5,3
NGR,Canoeing,0,2,1
NGR,"Cycling Road, Cycling Track",0,3,1
NGR,Football,16,181,166
NGR,Handball,0,16,16
NGR,Judo,0,11,8
NGR,Rowing,0,2,2
NGR,Swimming,0,15,12
NGR,Table Tennis,0,80,23
NGR,Taekwondo,0,9,5
NGR,Tennis,0,6,4
NGR,Weightlifting,0,29,23
NGR,Wrestling,0,46,36
NIG,Athletics,0,24,21
NIG,Boxing,0,13,11
NIG,Fencing,0,1,1
NIG,Judo,0,5,4
NIG,Rowing,0,1,1
NIG,Swimming,0,12,12
NIG,Taekwondo,0,5,5
NOR,Archery,0,18,9
NOR,Art Competitions,0,17,8
NOR,Artistic Gymnastics,0,5,2
NOR,Athletics,11,397,234
NOR,Badminton,0,3,3
NOR,Beach Volleyball,2,28,16
NOR,Boxing,1,56,51
NOR,Canoe Sprint,0,8,5
NOR,Canoeing,9,100,51
NOR,Cycling,2,152,84
NOR,Cycling BMX Racing,0,1,1
NOR,Cycling Mountain Bike,0,2,2
NOR,Cycling Road,0,14,10
NOR,Cycling Track,0,2,2
NOR,Diving,0,26,18
NOR,Equestrian,0,3,3
NOR,Equestrianism,0,60,24
NOR,Fencing,0,104,38
NOR,Figure Skating,0,6,6
NOR,Football,17,118,110
NOR,Golf,0,10,9
NOR,Gymnastics,44,346,127
NOR,Handball,43,177,122
NOR,Judo,0,4,4
NOR,"Marathon Swimming, Swimming",0,3,1
NOR,Modern Pentathlon,0,6,5
NOR,Rhythmic Gymnastics,0,1,1
NOR,Rowing,4,188,133
NOR,Sailing,81,279,211
NOR,Shooting,29,436,125
NOR,Swimming,0,114,48
NOR,Taekwondo,0,6,4
NOR,Tennis,0,35,12
NOR,Triathlon,1,9,7
NOR,Weightlifting,2,15,12
NOR,Wrestling,4,89,62
NRU,Athletics,0,2,2
NRU,Judo,0,2,2
NRU,Weightlifting,0,12,9
NZL,Archery,0,10,8
NZL,Artistic Gymnastics,0,13,2
NZL,Artistic Swimming,0,2,2
NZL,Athletics,11,268,163
NZL,Badminton,0,15,9
NZL,Basketball,0,60,43
NZL,Beach Volleyball,0,2,2
NZL,Boxing,1,29,28
NZL,Canoe Slalom,1,7,3
NZL,Canoe Sprint,11,31,12
NZL,Canoeing,12,75,33
NZL,Cycling,1,230,121
NZL,Cycling BMX Racing,0,4,4
NZL,Cycling Mountain Bike,0,3,3
NZL,Cycling Road,0,10,6
NZL,Cycling Track,2,57,27
NZL,Diving,0,8,8
NZL,Equestrian,0,24,11
NZL,Equestrianism,3,121,39
NZL,Fencing,0,8,5
NZL,Football,0,164,119
NZL,Golf,1,8,5
NZL,Gymnastics,0,51,9
NZL,Hockey,14,346,234
NZL,Judo,0,21,17
NZL,Karate,0,1,1
NZL,Modern Pentathlon,0,1,1
NZL,Rhythmic Gymnastics,0,2,2
NZL,Rowing,45,306,199
NZL,Rugby Sevens,25,76,54
NZL,Sailing,14,176,114
NZL,Shooting,0,46,27
NZL,Softball,0,15,15
NZL,Sport Climbing,0,2,2
NZL,Surfing,0,4,3
NZL,Swimming,2,342,120
NZL,Synchronized Swimming,0,6,4
NZL,Table Tennis,0,17,5
NZL,Taekwondo,0,9,7
NZL,Tennis,0,14,9
NZL,Trampoline Gymnastics,0,4,2
NZL,Trampolining,0,1,1
NZL,Triathlon,1,36,20
NZL,Water Polo,1,1,1
NZL,Weightlifting,0,30,23
NZL,Wrestling,0,18,17
OMA,Athletics,0,42,23
OMA,Boxing,0,2,2
OMA,Cycling,0,1,1
OMA,Sailing,0,1,1
OMA,Shooting,0,23,16
OMA,Swimming,0,5,4
OMA,Weightlifting,0,1,1
PAK,Athletics,1,134,68
PAK,Badminton,0,1,1
PAK,Boxing,0,48,38
PAK,Cycling,0,31,11
PAK,Hockey,42,245,151
PAK,Judo,0,2,2
PAK,Rowing,0,3,3
PAK,Sailing,0,10,8
PAK,Shooting,0,31,17
PAK,Swimming,0,29,22
PAK,Table Tennis,0,1,1
PAK,Weightlifting,0,13,8
PAK,Wrestling,0,32,24
PAN,Artistic Gymnastics,0,6,1
PAN,Athletics,1,42,23
PAN,Basketball,0,12,12
PAN,Boxing,0,7,6
PAN,Canoeing,0,1,1
PAN,Cycling Road,0,2,2
PAN,Fencing,0,3,3
PAN,Gymnastics,0,4,1
PAN,Judo,0,7,6
PAN,Shooting,0,4,3
PAN,Swimming,0,38,17
PAN,Taekwondo,0,2,1
PAN,Weightlifting,0,17,12
PAN,Wrestling,0,18,12
PAR,Athletics,0,35,24
PAR,Beach Volleyball,0,2,2
PAR,Boxing,0,4,4
PAR,Cycling Road,0,1,1
PAR,Fencing,0,9,7
PAR,Football,0,53,51
PAR,Golf,0,4,3
PAR,Judo,0,6,5
PAR,Rowing,0,8,6
PAR,Sailing,0,2,2
PAR,Shooting,0,10,9
PAR,Swimming,0,25,15
PAR,Table Tennis,0,3,1
PAR,Tennis,0,10,6
PER,Art Competitions,0,3,2
PER,Artistic Gymnastics,0,5,1
PER,Athletics,0,101,70
PER,Badminton,0,7,6
PER,Basketball,0,32,32
PER,Boxing,0,10,10
PER,Canoeing,0,1,1
PER,Cycling,0,26,15
PER,Cycling Road,0,1,1
PER,Diving,0,3,2
PER,Equestrianism,0,2,2
PER,Fencing,0,10,7
PER,Football,0,31,31
PER,Gymnastics,0,4,1
PER,Judo,0,7,5
PER,Karate,0,1,1
PER,Marathon Swimming,0,1,1
PER,Modern Pentathlon,0,2,2
PER,Rowing,0,16,16
PER,Sailing,0,14,10
PER,Shooting,1,96,45
PER,Skateboarding,0,1,1
PER,Surfing,0,7,6
PER,Swimming,0,85,37
PER,Table Tennis,0,11,7
PER,Taekwondo,0,3,2
PER,Tennis,0,4,4
PER,Volleyball,0,75,49
PER,Weightlifting,0,14,13
PER,Wrestling,0,23,16
PHI,Archery,0,10,9
PHI,Art Competitions,0,2,2
PHI,Artistic Gymnastics,2,33,4
PHI,Athletics,0,101,57
PHI,Badminton,0,1,1
PHI,Basketball,0,79,63
PHI,Boxing,0,84,73
PHI,Cycling,0,27,16
PHI,Diving,0,4,3
PHI,Equestrianism,0,3,2
PHI,Fencing,0,3,3
PHI,Golf,0,6,5
PHI,Gymnastics,0,20,5
PHI,Judo,0,17,13
PHI,Rowing,0,4,4
PHI,Sailing,0,20,14
PHI,Shooting,0,73,36
PHI,Skateboarding,0,1,1
PHI,Swimming,0,203,65
PHI,Table Tennis,0,1,1
PHI,Taekwondo,0,11,8
PHI,Weightlifting,1,28,18
PHI,Wrestling,0,26,15
PLE,Athletics,0,13,13
PLE,Boxing,0,1,1
PLE,Equestrianism,0,1,1
PLE,Judo,0,4,4
PLE,Shooting,0,1,1
PLE,Swimming,0,12,10
PLE,Taekwondo,0,1,1
PLE,Weightlifting,0,1,1
PLW,Athletics,0,11,9
PLW,Canoeing,0,2,1
PLW,Judo,0,1,1
PLW,Swimming,0,11,11
PLW,Weightlifting,0,2,2
PLW,Wrestling,0,4,3
PNG,Athletics,0,62,31
PNG,Boxing,0,17,14
PNG,Judo,0,2,1
PNG,Sailing,0,4,3
PNG,Shooting,0,3,2
PNG,Swimming,0,16,8
PNG,Taekwondo,0,6,5
PNG,Weightlifting,0,13,7
POL,3x3 Basketball,0,8,7
POL,Archery,0,71,33
POL,Art Competitions,3,163,93
POL,Artistic Gymnastics,0,5,1
POL,Athletics,41,1004,551
POL,Badminton,0,32,13
POL,Basketball,0,82,69
POL,Beach Volleyball,0,14,9
POL,Boxing,8,146,114
POL,Canoe Slalom,0,11,5
POL,Canoe Sprint,0,32,16
POL,Canoeing,0,288,139
POL,Cycling,0,242,132
POL,Cycling Mountain Bike,0,4,4
POL,Cycling Road,0,15,8
POL,Cycling Track,0,43,16
POL,Diving,0,22,11
POL,Equestrian,0,25,13
POL,Equestrianism,1,128,53
POL,Fencing,8,443,157
POL,Football,17,106,97
POL,Golf,0,2,1
POL,Gymnastics,1,641,77
POL,Handball,0,72,54
POL,Hockey,0,92,85
POL,Judo,3,85,57
POL,Marathon Swimming,0,1,1
POL,Modern Pentathlon,5,65,32
POL,Rhythmic Gymnastics,0,15,13
POL,Rowing,10,339,233
POL,Sailing,1,115,84
POL,Shooting,4,203,88
POL,Skateboarding,0,1,1
POL,Sport Climbing,1,3,2
POL,Swimming,1,333,125
POL,Table Tennis,0,53,18
POL,Taekwondo,0,6,6
POL,Tennis,0,53,22
POL,Triathlon,0,8,5
POL,Volleyball,12,178,129
POL,Weightlifting,5,121,77
POL,Wrestling,5,189,124
POR,Archery,0,8,4
POR,Art Competitions,0,1,1
POR,Artistic Gymnastics,0,11,1
POR,Athletics,5,369,191
POR,Badminton,0,12,6
POR,Beach Volleyball,0,8,4
POR,Boxing,0,1,1
POR,Breaking,0,1,1
POR,Canoe Slalom,0,1,1
POR,Canoe Sprint,0,13,7
POR,Canoeing,0,53,22
POR,Cycling,0,38,22
POR,Cycling Mountain Bike,0,2,1
POR,Cycling Road,0,9,4
POR,Cycling Track,2,7,4
POR,Diving,0,1,1
POR,Equestrian,0,19,10
POR,Equestrianism,0,116,39
POR,Fencing,0,113,50
POR,Football,0,65,64
POR,Golf,0,2,2
POR,Gymnastics,0,146,21
POR,Handball,0,15,15
POR,Judo,0,68,41
POR,Marathon Swimming,0,3,2
POR,Modern Pentathlon,0,18,8
POR,Rhythmic Gymnastics,0,3,3
POR,Rowing,0,43,36
POR,Sailing,0,137,71
POR,Shooting,0,126,50
POR,Skateboarding,0,3,2
POR,Surfing,0,4,2
POR,Swimming,0,176,75
POR,Table Tennis,0,30,10
POR,Taekwondo,0,3,3
POR,Tennis,0,20,10
POR,Trampoline Gymnastics,0,2,2
POR,Trampolining,0,7,4
POR,Triathlon,0,16,12
POR,Water Polo,0,9,9
POR,Weightlifting,0,10,6
POR,Wrestling,0,20,15
PRK,Archery,0,19,15
PRK,Artistic Gymnastics,0,4,1
PRK,Athletics,0,41,29
PRK,Boxing,2,27,23
PRK,Cycling,0,3,3
PRK,Diving,0,35,21
PRK,Football,0,46,46
PRK,Gymnastics,3,261,39
PRK,Judo,2,36,30
PRK,Rhythmic Gymnastics,0,2,2
PRK,Rowing,0,6,6
PRK,Shooting,1,62,31
PRK,Synchronized Swimming,0,6,6
PRK,Table Tennis,0,55,26
PRK,Volleyball,0,11,11
PRK,Weightlifting,5,51,40
PRK,Wrestling,3,35,27
PUR,Archery,0,8,8
PUR,Athletics,1,166,108
PUR,Baseball,0,20,20
PUR,Basketball,0,144,101
PUR,Beach Volleyball,0,2,2
PUR,Boxing,0,92,91
PUR,Cycling,0,5,4
PUR,Diving,0,16,8
PUR,Equestrian,0,1,1
PUR,Equestrianism,0,7,6
PUR,Fencing,0,13,11
PUR,Golf,0,3,3
PUR,Gymnastics,0,45,7
PUR,Judo,0,41,31
PUR,Rowing,0,3,2
PUR,Sailing,0,45,30
PUR,Shooting,0,64,40
PUR,Skateboarding,0,3,3
PUR,Softball,0,15,15
PUR,Swimming,0,192,54
PUR,Synchronized Swimming,0,2,2
PUR,Table Tennis,0,8,6
PUR,Taekwondo,0,5,5
PUR,Tennis,1,5,4
PUR,Triathlon,0,1,1
PUR,Volleyball,0,12,12
PUR,Weightlifting,0,33,22
PUR,Wrestling,0,31,24
QAT,Archery,0,1,1
QAT,Athletics,1,110,71
QAT,Beach Volleyball,0,6,4
QAT,Boxing,0,2,2
QAT,Equestrianism,0,8,4
QAT,Fencing,0,1,1
QAT,Football,0,31,31
QAT,Handball,0,15,15
QAT,Judo,0,2,2
QAT,Rowing,0,1,1
QAT,Sailing,0,2,2
QAT,Shooting,0,21,10
QAT,Swimming,0,10,7
QAT,Table Tennis,0,4,3
QAT,Taekwondo,0,1,1
QAT,Weightlifting,1,7,6
RHO,Athletics,0,4,2
RHO,Boxing,0,4,4
RHO,Diving,0,1,1
RHO,Sailing,0,2,2
RHO,Shooting,0,1,1
ROC,3x3 Basketball,0,8,8
ROC,Archery,0,9,4
ROC,Artistic Gymnastics,8,80,12
ROC,Artistic Swimming,10,10,8
ROC,Athletics,1,10,10
ROC,Badminton,0,4,4
ROC,Beach Volleyball,0,6,6
ROC,Boxing,1,11,11
ROC,Canoe Slalom,0,4,2
ROC,Canoe Sprint,0,28,15
ROC,Cycling BMX Freestyle,0,2,2
ROC,Cycling BMX Racing,0,3,3
ROC,Cycling Mountain Bike,0,2,2
ROC,Cycling Road,0,5,4
ROC,Cycling Track,0,22,10
ROC,Diving,0,11,7
ROC,Equestrian,0,10,6
ROC,Fencing,9,42,24
ROC,Handball,0,15,15
ROC,Judo,0,24,13
ROC,Marathon Swimming,0,2,2
ROC,Modern Pentathlon,0,3,3
ROC,Rhythmic Gymnastics,0,7,7
ROC,Rowing,0,10,10
ROC,Rugby Sevens,0,13,13
ROC,Sailing,0,6,6
ROC,Shooting,2,31,17
ROC,Sport Climbing,0,3,3
ROC,Swimming,2,87,36
ROC,Table Tennis,0,3,3
ROC,Taekwondo,2,4,4
ROC,Tennis,2,18,8
ROC,Trampoline Gymnastics,0,4,4
ROC,Triathlon,0,8,4
ROC,Volleyball,0,24,24
ROC,Water Polo,0,13,13
ROC,Weightlifting,0,2,2
ROC,Wrestling,4,17,17
ROT,Athletics,0,6,6
ROT,Judo,0,2,2
ROT,Swimming,0,4,2
ROU,3x3 Basketball,0,4,4
ROU,Archery,0,7,6
ROU,Art Competitions,0,3,2
ROU,Artistic Gymnastics,0,42,9
ROU,Athletics,11,346,202
ROU,Badminton,0,1,1
ROU,Basketball,0,12,12
ROU,Boxing,1,118,89
ROU,Canoe Sprint,0,7,4
ROU,Canoeing,18,222,105
ROU,Cycling,0,35,18
ROU,Cycling Mountain Bike,0,2,2
ROU,Cycling Road,0,1,1
ROU,Diving,0,23,13
ROU,Equestrianism,0,57,29
ROU,Fencing,7,314,108
ROU,Football,0,62,62
ROU,Gymnastics,40,1172,138
ROU,Handball,0,145,108
ROU,Judo,1,49,31
ROU,Modern Pentathlon,0,21,11
ROU,Rhythmic Gymnastics,0,8,8
ROU,Rowing,78,439,240
ROU,Rugby,0,16,16
ROU,Sailing,0,8,8
ROU,Shooting,6,136,57
ROU,Swimming,4,216,61
ROU,Table Tennis,0,56,16
ROU,Tennis,0,56,25
ROU,Triathlon,0,2,1
ROU,Volleyball,0,54,52
ROU,Water Polo,0,106,80
ROU,Weightlifting,2,73,52
ROU,Wrestling,7,181,109
RSA,Archery,0,14,8
RSA,Art Competitions,0,21,11
RSA,Artistic Gymnastics,0,16,2
RSA,Artistic Swimming,0,2,2
RSA,Athletics,8,456,256
RSA,Badminton,0,23,14
RSA,Baseball,0,24,24
RSA,Beach Volleyball,0,8,8
RSA,Boxing,6,75,69
RSA,Canoe Sprint,0,8,4
RSA,Canoeing,0,40,24
RSA,Cycling,1,136,58
RSA,Cycling BMX Freestyle,0,1,1
RSA,Cycling BMX Racing,0,2,2
RSA,Cycling Mountain Bike,0,4,2
RSA,Cycling Road,0,10,7
RSA,Cycling Track,0,7,3
RSA,Diving,0,10,6
RSA,Equestrian,0,2,2
RSA,Equestrianism,0,5,5
RSA,Fencing,0,34,16
RSA,Football,0,85,76
RSA,Golf,0,10,8
RSA,Gymnastics,0,51,6
RSA,Hockey,0,198,152
RSA,Judo,0,10,9
RSA,Marathon Swimming,0,2,2
RSA,Modern Pentathlon,0,11,6
RSA,Rhythmic Gymnastics,0,2,2
RSA,Rowing,4,76,58
RSA,Rugby Sevens,0,52,46
RSA,Sailing,0,49,38
RSA,Shooting,0,102,36
RSA,Skateboarding,0,6,4
RSA,Sport Climbing,0,6,6
RSA,Surfing,0,4,4
RSA,Swimming,11,327,107
RSA,Synchronized Swimming,0,4,2
RSA,Table Tennis,0,2,2
RSA,Taekwondo,0,1,1
RSA,Tennis,4,51,26
RSA,Triathlon,0,19,11
RSA,Tug-Of-War,0,5,5
RSA,Water Polo,0,43,41
RSA,Weightlifting,0,15,13
RSA,Wrestling,0,29,23
RUS,Archery,0,47,16
RUS,Art Competitions,0,4,4
RUS,Athletics,29,604,392
RUS,Badminton,0,30,16
RUS,Basketball,0,94,64
RUS,Beach Volleyball,0,18,14
RUS,Boxing,10,64,48
RUS,Canoeing,3,114,57
RUS,Cycling,5,174,79
RUS,Diving,6,77,28
RUS,Equestrianism,0,35,24
RUS,Fencing,33,218,81
RUS,Figure Skating,1,2,1
RUS,Football,0,15,15
RUS,Golf,0,1,1
RUS,Gymnastics,16,408,56
RUS,Handball,30,100,66
RUS,Judo,5,71,57
RUS,Modern Pentathlon,4,26,19
RUS,Rhythmic Gymnastics,34,47,42
RUS,Rowing,4,86,47
RUS,Sailing,0,81,62
RUS,Shooting,7,250,94
RUS,Swimming,5,381,139
RUS,Synchronized Swimming,54,63,31
RUS,Table Tennis,0,39,16
RUS,Taekwondo,0,11,9
RUS,Tennis,4,77,28
RUS,Trampolining,2,16,9
RUS,Triathlon,0,20,12
RUS,Volleyball,12,142,88
RUS,Water Polo,0,103,65
RUS,Weightlifting,3,45,36
RUS,Wrestling,29,120,99
RWA,Athletics,0,43,28
RWA,Cycling,0,6,5
RWA,Cycling Road,0,4,3
RWA,Fencing,0,1,1
RWA,Judo,0,1,1
RWA,Swimming,0,14,10
SAA,Athletics,0,8,6
SAA,Boxing,0,3,3
SAA,Canoeing,0,5,3
SAA,Fencing,0,15,5
SAA,Gymnastics,0,48,6
SAA,Rowing,0,7,7
SAA,Shooting,0,3,2
SAA,Swimming,0,1,1
SAA,Wrestling,0,3,3
SAM,Archery,0,2,2
SAM,Athletics,0,15,10
SAM,Boxing,0,21,20
SAM,Canoe Sprint,0,10,4
SAM,Canoeing,0,6,2
SAM,Cycling,0,1,1
SAM,Judo,0,5,5
SAM,Rugby Sevens,0,12,12
SAM,Sailing,0,3,3
SAM,Swimming,0,4,4
SAM,Taekwondo,0,2,2
SAM,Weightlifting,0,15,13
SAM,Wrestling,0,4,4
SCG,Athletics,0,46,31
SCG,Basketball,0,36,26
SCG,Boxing,0,1,1
SCG,Canoeing,0,11,7
SCG,Cycling,0,1,1
SCG,Diving,0,2,2
SCG,Fencing,0,2,1
SCG,Football,0,17,17
SCG,Handball,0,15,15
SCG,Judo,0,4,4
SCG,Rowing,0,12,10
SCG,Shooting,1,32,8
SCG,Swimming,0,28,15
SCG,Table Tennis,0,13,4
SCG,Tennis,0,3,3
SCG,Volleyball,11,35,21
SCG,Water Polo,0,38,23
SCG,Weightlifting,0,1,1
SCG,Wrestling,0,3,3
SEN,Athletics,0,166,80
SEN,Basketball,0,60,53
SEN,Boxing,0,6,6
SEN,Canoe Slalom,0,4,2
SEN,Canoe Sprint,0,1,1
SEN,Canoeing,0,6,4
SEN,Fencing,0,8,6
SEN,Football,0,17,17
SEN,Judo,0,49,36
SEN,Sailing,0,1,1
SEN,Shooting,0,3,3
SEN,Swimming,0,28,13
SEN,Table Tennis,0,3,2
SEN,Taekwondo,0,4,3
SEN,Wrestling,0,41,19
SEY,Athletics,0,49,27
SEY,Badminton,0,2,2
SEY,Boxing,0,14,10
SEY,Canoeing,0,4,1
SEY,Judo,0,5,3
SEY,Sailing,0,12,6
SEY,Swimming,0,29,15
SEY,Weightlifting,0,5,5
SGP,Artistic Gymnastics,0,2,1
SGP,Athletics,0,32,22
SGP,Badminton,0,27,18
SGP,Basketball,0,10,10
SGP,Boxing,0,1,1
SGP,Canoe Sprint,0,1,1
SGP,Canoeing,0,2,1
SGP,Diving,0,2,2
SGP,Equestrian,0,2,1
SGP,Fencing,0,8,4
SGP,Golf,0,1,1
SGP,Gymnastics,0,4,1
SGP,Hockey,0,17,17
SGP,Judo,0,2,2
SGP,Marathon Swimming,0,1,1
SGP,Rowing,0,3,3
SGP,Sailing,0,45,36
SGP,Shooting,0,19,11
SGP,Swimming,1,162,33
SGP,Table Tennis,0,49,20
SGP,Water Polo,0,10,10
SGP,Weightlifting,0,11,10
SKN,Athletics,0,46,22
SKN,Swimming,0,1,1
SLE,Athletics,0,101,49
SLE,Boxing,0,9,9
SLE,Cycling,0,1,1
SLE,Judo,0,2,2
SLE,Swimming,0,7,6
SLE,Weightlifting,0,2,2
SLO,Archery,0,14,6
SLO,Artistic Gymnastics,0,6,1
SLO,Athletics,1,113,68
SLO,Badminton,0,3,2
SLO,Basketball,0,12,12
SLO,Canoe Slalom,1,12,5
SLO,Canoe Sprint,0,4,2
SLO,Canoeing,0,36,22
SLO,Cycling,0,36,21
SLO,Cycling Mountain Bike,0,2,1
SLO,Cycling Road,1,15,9
SLO,Golf,0,3,2
SLO,Gymnastics,0,24,6
SLO,Handball,0,79,67
SLO,Judo,3,36,22
SLO,Marathon Swimming,0,1,1
SLO,Rhythmic Gymnastics,0,2,1
SLO,Rowing,2,44,23
SLO,Sailing,0,42,22
SLO,Shooting,1,27,6
SLO,Sport Climbing,2,5,3
SLO,Swimming,0,117,39
SLO,Table Tennis,0,14,6
SLO,Taekwondo,0,6,6
SLO,Tennis,0,20,10
SLO,Triathlon,0,2,1
SLO,Volleyball,0,13,13
SMR,Archery,0,4,3
SMR,Athletics,0,21,13
SMR,Cycling,0,16,10
SMR,Gymnastics,0,7,1
SMR,Judo,0,10,5
SMR,Sailing,0,3,3
SMR,Shooting,0,60,30
SMR,Swimming,0,29,13
SMR,Tennis,0,2,2
SMR,Weightlifting,0,2,2
SMR,Wrestling,0,3,2
SOL,Archery,0,1,1
SOL,Athletics,0,19,12
SOL,Boxing,0,1,1
SOL,Judo,0,1,1
SOL,Swimming,0,2,2
SOL,Weightlifting,0,8,6
SOM,Athletics,0,34,21
SOM,Boxing,0,1,1
SRB,3x3 Basketball,0,8,6
SRB,Athletics,0,50,31
SRB,Basketball,0,60,54
SRB,Boxing,0,5,5
SRB,Canoe Sprint,0,18,10
SRB,Canoeing,0,31,17
SRB,Cycling,0,6,4
SRB,Cycling Road,0,2,2
SRB,Football,0,15,15
SRB,Handball,0,15,15
SRB,Judo,0,19,8
SRB,Karate,1,1,1
SRB,Rowing,0,19,13
SRB,Shooting,2,70,20
SRB,Swimming,0,55,20
SRB,Table Tennis,0,10,6
SRB,Taekwondo,2,10,9
SRB,Tennis,1,34,13
SRB,Volleyball,0,97,70
SRB,Water Polo,39,65,44
SRB,Wrestling,1,15,11
SRI,Artistic Gymnastics,0,5,1
SRI,Athletics,0,72,48
SRI,Badminton,0,7,4
SRI,Boxing,0,14,13
SRI,Cycling,0,1,1
SRI,Diving,0,2,2
SRI,Equestrian,0,1,1
SRI,Judo,0,2,1
SRI,Sailing,0,4,3
SRI,Shooting,0,23,10
SRI,Swimming,0,29,16
SRI,Weightlifting,0,4,4
SRI,Wrestling,0,1,1
SSD,Athletics,0,7,5
SSD,Basketball,0,12,12
STP,Athletics,0,14,13
STP,Canoe Sprint,0,5,3
STP,Canoeing,0,3,2
STP,Judo,0,1,1
SUD,Athletics,0,55,35
SUD,Boxing,0,20,17
SUD,Football,0,14,14
SUD,Judo,0,4,4
SUD,Rowing,0,2,2
SUD,Shooting,0,6,3
SUD,Swimming,0,10,9
SUD,Table Tennis,0,1,1
SUD,Weightlifting,0,4,4
SUI,Aeronautics,1,1,1
SUI,Alpinism,2,2,2
SUI,Archery,0,16,14
SUI,Art Competitions,3,158,67
SUI,Artistic Gymnastics,0,86,11
SUI,Athletics,0,501,321
SUI,Badminton,0,15,9
SUI,Basketball,0,36,29
SUI,Beach Volleyball,0,34,24
SUI,Boxing,0,38,37
SUI,Canoe Slalom,0,9,4
SUI,Canoeing,0,82,54
SUI,Cycling,5,290,175
SUI,Cycling BMX Freestyle,0,2,1
SUI,Cycling BMX Racing,0,9,7
SUI,Cycling Mountain Bike,1,10,7
SUI,Cycling Road,0,16,10
SUI,Cycling Track,0,16,10
SUI,Diving,0,23,17
SUI,Equestrian,0,34,13
SUI,Equestrianism,5,276,93
SUI,Fencing,1,247,103
SUI,Figure Skating,0,1,1
SUI,Football,0,43,39
SUI,Golf,0,7,5
SUI,Gymnastics,23,863,95
SUI,Handball,0,59,55
SUI,Hockey,0,72,63
SUI,Ice Hockey,0,8,8
SUI,Judo,1,39,29
SUI,Karate,0,1,1
SUI,Modern Pentathlon,0,45,24
SUI,Rhythmic Gymnastics,0,2,2
SUI,Rowing,24,279,198
SUI,Sailing,3,173,122
SUI,Shooting,24,306,115
SUI,Sport Climbing,0,2,2
SUI,Swimming,0,294,105
SUI,Synchronized Swimming,0,25,14
SUI,Table Tennis,0,2,2
SUI,Taekwondo,0,1,1
SUI,Tennis,4,62,23
SUI,Trampolining,0,2,2
SUI,Triathlon,2,39,20
SUI,Water Polo,0,36,29
SUI,Weightlifting,0,40,34
SUI,Wrestling,4,115,91
SUR,Athletics,0,30,14
SUR,Badminton,0,5,3
SUR,Cycling,0,3,1
SUR,Cycling Track,0,4,1
SUR,Judo,0,5,4
SUR,Swimming,1,33,15
SVK,Archery,0,4,3
SVK,Artistic Gymnastics,0,5,1
SVK,Athletics,1,112,62
SVK,Badminton,0,3,3
SVK,Basketball,0,12,12
SVK,Boxing,0,4,4
SVK,Canoe Slalom,0,12,5
SVK,Canoe Sprint,0,7,5
SVK,Canoeing,12,106,47
SVK,Cycling,0,45,21
SVK,Cycling Road,0,6,3
SVK,Football,0,18,18
SVK,Golf,0,1,1
SVK,Gymnastics,0,28,6
SVK,Judo,0,8,6
SVK,Rowing,0,5,4
SVK,Sailing,0,8,6
SVK,Shooting,1,63,20
SVK,Skateboarding,0,1,1
SVK,Swimming,0,46,15
SVK,Synchronized Swimming,0,6,6
SVK,Table Tennis,0,10,6
SVK,Tennis,0,51,22
SVK,Trampolining,0,1,1
SVK,Triathlon,0,3,2
SVK,Water Polo,0,13,13
SVK,Weightlifting,0,10,7
SVK,Wrestling,0,15,11
SWE,Archery,0,69,25
SWE,Art Competitions,2,107,50
SWE,Artistic Gymnastics,0,8,2
SWE,Athletics,35,1051,566
SWE,Badminton,0,36,19
SWE,Basketball,0,12,12
SWE,Beach Volleyball,2,8,6
SWE,Boxing,0,81,72
SWE,Canoe Slalom,0,3,2
SWE,Canoe Sprint,0,8,5
SWE,Canoeing,23,229,94
SWE,Cycling,15,238,106
SWE,Cycling Mountain Bike,0,2,1
SWE,Cycling Road,0,2,2
SWE,Diving,6,155,91
SWE,Equestrian,4,45,16
SWE,Equestrianism,37,391,138
SWE,Fencing,6,246,100
SWE,Figure Skating,3,8,7
SWE,Football,12,263,214
SWE,Golf,0,12,10
SWE,Gymnastics,95,489,123
SWE,Handball,0,229,153
SWE,Ice Hockey,0,11,11
SWE,Judo,0,34,24
SWE,"Marathon Swimming, Swimming",0,4,1
SWE,Modern Pentathlon,9,103,54
SWE,Rhythmic Gymnastics,0,1,1
SWE,Rowing,0,150,99
SWE,Sailing,33,343,247
SWE,Shooting,32,586,199
SWE,Skateboarding,0,2,2
SWE,Swimming,11,806,267
SWE,Synchronized Swimming,0,1,1
SWE,Table Tennis,1,80,26
SWE,Taekwondo,0,8,7
SWE,Tennis,0,130,46
SWE,Triathlon,0,5,3
SWE,Tug-Of-War,11,27,27
SWE,Volleyball,0,12,12
SWE,Water Polo,0,71,49
SWE,Weightlifting,0,65,53
SWE,Wrestling,28,291,167
SWZ,Athletics,0,36,22
SWZ,Boxing,0,9,9
SWZ,Shooting,0,2,1
SWZ,Swimming,0,20,11
SWZ,Taekwondo,0,1,1
SWZ,Weightlifting,0,3,2
SYR,Artistic Gymnastics,0,5,1
SYR,Athletics,1,34,26
SYR,Boxing,0,19,17
SYR,Cycling,0,1,1
SYR,Diving,0,2,2
SYR,Equestrian,0,2,2
SYR,Equestrianism,0,1,1
SYR,Football,0,15,15
SYR,Judo,0,10,10
SYR,Shooting,0,12,11
SYR,Swimming,0,15,10
SYR,Table Tennis,0,2,2
SYR,Triathlon,0,2,2
SYR,Weightlifting,0,14,10
SYR,Wrestling,0,38,32
TAN,Athletics,0,109,65
TAN,Boxing,0,36,29
TAN,Hockey,0,16,16
TAN,Judo,0,2,2
TAN,Swimming,0,8,6
TCH,Archery,0,4,4
TCH,Art Competitions,0,87,51
TCH,Athletics,11,363,215
TCH,Badminton,0,2,2
TCH,Basketball,0,123,103
TCH,Boxing,3,51,39
TCH,Canoeing,10,169,120
TCH,Cycling,2,173,97
TCH,Diving,1,19,9
TCH,Equestrianism,1,57,22
TCH,Fencing,0,108,44
TCH,Football,16,84,79
TCH,Gymnastics,19,1057,130
TCH,Handball,0,88,77
TCH,Hockey,0,16,16
TCH,Ice Hockey,0,8,8
TCH,Judo,0,17,11
TCH,Modern Pentathlon,0,33,16
TCH,Rhythmic Gymnastics,0,4,3
TCH,Rowing,7,246,172
TCH,Sailing,0,12,11
TCH,Shooting,4,193,92
TCH,Swimming,0,110,52
TCH,Synchronized Swimming,0,1,1
TCH,Table Tennis,0,12,8
TCH,Tennis,1,35,19
TCH,Volleyball,0,83,61
TCH,Water Polo,0,43,39
TCH,Weightlifting,3,66,49
TCH,Wrestling,1,105,74
TGA,Archery,0,3,3
TGA,Athletics,0,22,15
TGA,Boxing,0,14,14
TGA,Judo,0,1,1
TGA,Swimming,0,7,4
TGA,Taekwondo,0,3,2
TGA,Weightlifting,0,5,5
THA,Archery,0,7,6
THA,Athletics,0,163,108
THA,Badminton,0,66,35
THA,Basketball,0,9,9
THA,Boxing,4,95,74
THA,Canoe Sprint,0,1,1
THA,Canoeing,0,1,1
THA,Cycling,0,50,27
THA,Cycling BMX Racing,0,3,3
THA,Cycling Road,0,4,3
THA,Cycling Track,0,2,1
THA,Diving,0,6,4
THA,Equestrian,0,7,4
THA,Equestrianism,0,2,2
THA,Fencing,0,19,8
THA,Football,0,28,27
THA,Golf,0,12,9
THA,Judo,0,12,12
THA,Modern Pentathlon,0,1,1
THA,Rowing,0,8,5
THA,Sailing,0,39,24
THA,Shooting,0,131,67
THA,Skateboarding,0,1,1
THA,Swimming,0,88,27
THA,Table Tennis,0,14,5
THA,Taekwondo,2,18,16
THA,Tennis,0,13,6
THA,Weightlifting,5,47,39
TJK,Archery,0,2,2
TJK,Athletics,1,13,8
TJK,Boxing,0,16,11
TJK,Diving,0,2,2
TJK,Judo,0,20,15
TJK,Shooting,0,4,1
TJK,Swimming,0,11,8
TJK,Taekwondo,0,3,3
TJK,Weightlifting,0,1,1
TJK,Wrestling,0,12,10
TKM,Athletics,0,13,12
TKM,Boxing,0,7,5
TKM,Judo,0,13,10
TKM,Shooting,0,5,2
TKM,Swimming,0,13,12
TKM,Table Tennis,0,2,1
TKM,Weightlifting,0,15,12
TKM,Wrestling,0,2,2
TLS,Athletics,0,9,8
TLS,Cycling,0,1,1
TLS,Swimming,0,4,3
TLS,Taekwondo,0,1,1
TOG,Athletics,0,33,22
TOG,Boxing,0,8,8
TOG,Canoeing,0,3,1
TOG,Cycling,0,5,5
TOG,Judo,0,3,1
TOG,Rowing,0,3,3
TOG,Swimming,0,6,5
TOG,Table Tennis,0,2,2
TOG,Tennis,0,1,1
TOG,Triathlon,0,1,1
TPE,Archery,0,115,42
TPE,Artistic Gymnastics,0,38,5
TPE,Athletics,0,138,75
TPE,Badminton,4,45,29
TPE,Baseball,0,67,57
TPE,Basketball,0,11,11
TPE,Boxing,1,31,29
TPE,Breaking,0,1,1
TPE,Canoe Slalom,0,5,2
TPE,Canoe Sprint,0,1,1
TPE,Cycling,0,41,20
TPE,Cycling Road,0,1,1
TPE,Diving,0,6,5
TPE,Equestrian,0,1,1
TPE,Equestrianism,0,1,1
TPE,Fencing,0,10,6
TPE,Football,0,13,13
TPE,Golf,0,11,10
TPE,Gymnastics,0,92,12
TPE,Judo,0,49,42
TPE,Karate,0,2,2
TPE,Modern Pentathlon,0,3,3
TPE,Rowing,0,6,4
TPE,Sailing,0,13,9
TPE,Shooting,0,74,36
TPE,Softball,0,45,34
TPE,Swimming,0,166,55
TPE,Table Tennis,0,83,35
TPE,Taekwondo,2,23,18
TPE,Tennis,0,26,17
TPE,Weightlifting,2,70,47
TPE,Wrestling,0,7,7
TTO,Athletics,7,295,132
TTO,Badminton,0,1,1
TTO,Boxing,0,6,6
TTO,Cycling,0,47,19
TTO,Cycling Road,0,1,1
TTO,Cycling Track,0,8,2
TTO,Gymnastics,0,4,1
TTO,Judo,0,2,2
TTO,Rowing,0,2,2
TTO,Sailing,0,8,6
TTO,Shooting,0,8,4
TTO,Swimming,0,41,13
TTO,Table Tennis,0,2,1
TTO,Taekwondo,0,2,2
TTO,Weightlifting,0,8,4
TUN,Archery,0,5,2
TUN,Athletics,1,80,51
TUN,Basketball,0,12,12
TUN,Beach Volleyball,0,2,2
TUN,Boxing,0,50,42
TUN,Canoe Slalom,0,3,1
TUN,Canoe Sprint,0,6,4
TUN,Canoeing,0,8,3
TUN,Cycling,0,10,6
TUN,Fencing,0,40,21
TUN,Football,0,65,65
TUN,Gymnastics,0,8,1
TUN,Handball,0,72,56
TUN,Judo,0,43,33
TUN,Marathon Swimming,0,1,1
TUN,"Marathon Swimming, Swimming",0,4,1
TUN,Modern Pentathlon,0,6,3
TUN,Rowing,0,13,11
TUN,Sailing,0,11,10
TUN,Shooting,0,11,6
TUN,Swimming,3,33,11
TUN,Table Tennis,0,19,11
TUN,Taekwondo,1,13,11
TUN,Tennis,0,8,4
TUN,Volleyball,0,82,71
TUN,Weightlifting,0,18,15
TUN,Wrestling,0,42,33
TUR,Archery,1,70,25
TUR,Art Competitions,0,3,2
TUR,Artistic Gymnastics,0,64,6
TUR,Athletics,1,268,154
TUR,Badminton,0,4,4
TUR,Basketball,0,42,36
TUR,Boxing,1,81,70
TUR,Canoeing,0,2,1
TUR,Cycling,0,40,22
TUR,Cycling Road,0,3,3
TUR,Diving,0,2,2
TUR,Equestrianism,0,39,17
TUR,Fencing,0,38,26
TUR,Football,0,71,62
TUR,Gymnastics,0,11,3
TUR,Judo,1,55,35
TUR,Karate,0,7,7
TUR,"Marathon Swimming, Swimming",0,5,2
TUR,Modern Pentathlon,0,4,3
TUR,Rowing,0,5,5
TUR,Sailing,0,60,42
TUR,Shooting,0,56,27
TUR,Swimming,0,130,54
TUR,Table Tennis,0,7,5
TUR,Taekwondo,1,22,13
TUR,Tennis,0,1,1
TUR,Volleyball,0,37,32
TUR,Weightlifting,8,69,49
TUR,Wrestling,29,286,199
TUV,Athletics,0,9,7
TUV,Weightlifting,0,2,2
UAE,Athletics,0,25,21
UAE,Cycling,0,16,10
UAE,Cycling Road,0,1,1
UAE,Equestrian,0,6,3
UAE,Equestrianism,0,1,1
UAE,Football,0,18,18
UAE,Judo,0,13,11
UAE,Sailing,0,1,1
UAE,Shooting,1,17,8
UAE,Swimming,0,64,16
UAE,Taekwondo,0,1,1
UAE,Weightlifting,0,2,2
UAR,Athletics,0,2,2
UAR,Boxing,0,4,4
UAR,Diving,0,4,3
UAR,Equestrianism,0,6,3
UAR,Fencing,0,9,6
UAR,Football,0,17,17
UAR,Gymnastics,0,48,6
UAR,Rowing,0,9,9
UAR,Shooting,0,3,3
UAR,Water Polo,0,10,10
UAR,Weightlifting,0,7,7
UAR,Wrestling,0,4,4
UGA,Archery,0,1,1
UGA,Athletics,5,188,103
UGA,Badminton,0,2,1
UGA,Boxing,0,74,58
UGA,Cycling,0,2,2
UGA,Cycling Road,0,1,1
UGA,Hockey,0,17,17
UGA,Rowing,0,2,1
UGA,Swimming,0,14,13
UGA,Table Tennis,0,7,3
UGA,Weightlifting,0,7,6
UKR,Archery,1,76,26
UKR,Artistic Gymnastics,0,84,9
UKR,Artistic Swimming,0,12,8
UKR,Athletics,3,467,277
UKR,Badminton,0,21,9
UKR,Basketball,0,12,12
UKR,Boxing,5,51,45
UKR,Breaking,0,3,3
UKR,Canoe Slalom,0,5,1
UKR,Canoe Sprint,0,30,15
UKR,Canoeing,3,63,32
UKR,Cycling,0,101,51
UKR,Cycling Mountain Bike,0,3,2
UKR,Cycling Road,0,5,3
UKR,Cycling Track,0,6,2
UKR,Diving,0,81,36
UKR,Equestrian,0,2,2
UKR,Equestrianism,0,26,10
UKR,Fencing,9,114,45
UKR,Football,0,18,18
UKR,Gymnastics,5,336,47
UKR,Handball,0,15,15
UKR,Judo,0,56,39
UKR,Karate,0,3,3
UKR,Marathon Swimming,0,1,1
UKR,Modern Pentathlon,0,19,12
UKR,Rhythmic Gymnastics,1,47,37
UKR,Rowing,4,89,58
UKR,Sailing,2,46,25
UKR,Shooting,4,121,33
UKR,Sport Climbing,0,2,2
UKR,Swimming,4,221,72
UKR,Synchronized Swimming,0,18,11
UKR,Table Tennis,0,16,9
UKR,Taekwondo,0,3,3
UKR,Tennis,0,36,18
UKR,Trampoline Gymnastics,0,1,1
UKR,Trampolining,1,9,6
UKR,Triathlon,0,12,6
UKR,Volleyball,0,12,12
UKR,Water Polo,0,13,13
UKR,Weightlifting,3,52,38
UKR,Wrestling,4,108,72
UNK,Art Competitions,0,2,2
URS,Archery,1,25,16
URS,Athletics,83,855,547
URS,Basketball,48,146,103
URS,Boxing,14,96,85
URS,Canoeing,54,141,96
URS,Cycling,29,151,94
URS,Diving,4,100,59
URS,Equestrianism,16,162,57
URS,Fencing,63,279,101
URS,Football,36,102,95
URS,Gymnastics,141,797,82
URS,Handball,55,99,73
URS,Hockey,0,47,41
URS,Judo,5,31,28
URS,Modern Pentathlon,13,54,19
URS,Rhythmic Gymnastics,1,2,2
URS,Rowing,23,321,261
URS,Sailing,7,110,67
URS,Shooting,17,139,85
URS,Swimming,18,471,192
URS,Synchronized Swimming,0,5,3
URS,Table Tennis,0,8,5
URS,Tennis,0,10,7
URS,Volleyball,81,141,107
URS,Water Polo,22,99,65
URS,Weightlifting,39,71,56
URS,Wrestling,62,160,129
URU,Art Competitions,0,8,4
URU,Athletics,0,57,32
URU,Basketball,0,81,60
URU,Boxing,0,36,36
URU,Canoe Sprint,0,1,1
URU,Canoeing,0,4,2
URU,Cycling,0,103,49
URU,Cycling Road,0,1,1
URU,Diving,0,1,1
URU,Equestrianism,0,9,6
URU,Fencing,0,45,19
URU,Football,31,47,39
URU,Judo,0,8,6
URU,Modern Pentathlon,0,11,7
URU,Rowing,0,47,36
URU,Rugby Sevens,0,14,14
URU,Sailing,0,38,29
URU,Shooting,0,7,7
URU,Swimming,0,73,28
URU,Taekwondo,0,1,1
URU,Tennis,0,2,2
URU,Water Polo,0,15,13
URU,Weightlifting,0,4,4
USA,3x3 Basketball,4,12,12
USA,Archery,22,198,71
USA,Art Competitions,4,562,265
USA,Artistic Gymnastics,9,143,16
USA,Artistic Swimming,0,13,10
USA,Athletics,596,3525,2048
USA,Badminton,0,45,28
USA,Baseball,24,88,88
USA,Baseball/Softball,0,39,39
USA,Basketball,329,389,300
USA,Beach Volleyball,14,68,48
USA,Boxing,50,273,260
USA,Breaking,0,4,4
USA,Canoe Slalom,0,9,4
USA,Canoe Sprint,1,6,3
USA,Canoeing,8,311,176
USA,Cycling,16,523,271
USA,Cycling BMX Freestyle,0,8,5
USA,Cycling BMX Racing,0,12,9
USA,Cycling Mountain Bike,0,8,6
USA,Cycling Road,0,15,9
USA,"Cycling Road, Cycling Track",0,5,2
USA,"Cycling Road, Triathlon",0,2,1
USA,Cycling Track,6,26,12
USA,Diving,48,306,171
USA,Equestrian,0,44,18
USA,Equestrianism,30,456,143
USA,Fencing,10,767,289
USA,Figure Skating,0,5,3
USA,Football,86,362,292
USA,Golf,15,131,98
USA,Gymnastics,60,2013,314
USA,Handball,0,142,106
USA,Hockey,0,198,162
USA,Ice Hockey,0,11,11
USA,Jeu De Paume,1,2,2
USA,Judo,2,113,76
USA,Karate,0,4,4
USA,Lacrosse,0,12,12
USA,Marathon Swimming,0,5,5
USA,"Marathon Swimming, Swimming",0,3,1
USA,Modern Pentathlon,0,101,56
USA,Polo,2,12,12
USA,Rhythmic Gymnastics,0,29,26
USA,Roque,1,4,4
USA,Rowing,190,907,710
USA,Rugby,36,36,30
USA,Rugby Sevens,0,77,58
USA,Sailing,60,322,252
USA,Shooting,121,711,307
USA,Skateboarding,0,24,20
USA,Softball,45,60,36
USA,Sport Climbing,0,12,10
USA,Surfing,2,9,6
USA,Swimming,698,1854,765
USA,Synchronized Swimming,16,62,42
USA,Table Tennis,0,85,34
USA,Taekwondo,3,24,18
USA,Tennis,34,235,119
USA,Trampoline Gymnastics,0,4,3
USA,Trampolining,0,8,7
USA,Triathlon,1,43,30
USA,Tug-Of-War,5,35,35
USA,Volleyball,48,313,195
USA,Water Polo,45,369,242
USA,Weightlifting,17,166,120
USA,Wrestling,57,414,339
UZB,Archery,0,4,2
UZB,Artistic Gymnastics,0,26,4
UZB,Athletics,0,105,62
UZB,Boxing,10,72,56
UZB,Canoe Sprint,0,7,4
UZB,Canoeing,0,47,29
UZB,Cycling,0,5,3
UZB,Cycling Road,0,6,4
UZB,Diving,0,1,1
UZB,Fencing,0,7,6
UZB,Football,0,21,21
UZB,Gymnastics,0,35,4
UZB,Judo,1,85,47
UZB,Modern Pentathlon,0,3,2
UZB,Rhythmic Gymnastics,0,19,19
UZB,Rowing,0,11,9
UZB,Shooting,0,22,9
UZB,Swimming,0,61,31
UZB,Table Tennis,0,2,2
UZB,Taekwondo,2,20,13
UZB,Tennis,0,7,5
UZB,Trampolining,0,5,1
UZB,Weightlifting,2,30,22
UZB,Wrestling,5,67,42
VAN,Archery,0,1,1
VAN,Athletics,0,26,17
VAN,Boxing,0,2,2
VAN,Judo,0,4,3
VAN,Rowing,0,2,2
VAN,Swimming,0,2,2
VAN,Table Tennis,0,6,4
VAN,Weightlifting,0,1,1
VEN,Archery,0,5,2
VEN,Art Competitions,0,1,1
VEN,Athletics,1,128,75
VEN,Basketball,0,22,22
VEN,Beach Volleyball,0,4,4
VEN,Boxing,1,87,78
VEN,Canoeing,0,5,3
VEN,Cycling,0,104,54
VEN,Cycling BMX Freestyle,0,1,1
VEN,Cycling Road,0,1,1
VEN,Diving,0,19,12
VEN,Equestrian,0,2,2
VEN,Equestrianism,0,10,6
VEN,Fencing,1,100,44
VEN,Football,0,16,16
VEN,Golf,0,2,1
VEN,Gymnastics,0,23,3
VEN,Judo,0,44,33
VEN,Karate,0,3,3
VEN,Marathon Swimming,0,1,1
VEN,Rowing,0,4,4
VEN,Sailing,0,22,17
VEN,Shooting,0,61,38
VEN,Softball,0,15,15
VEN,Swimming,0,172,57
VEN,Synchronized Swimming,0,5,4
VEN,Table Tennis,0,12,5
VEN,Taekwondo,0,11,8
VEN,Tennis,0,11,6
VEN,Triathlon,0,2,1
VEN,Volleyball,0,34,34
VEN,Weightlifting,0,36,29
VEN,Wrestling,0,39,32
VIE,Archery,0,8,3
VIE,Artistic Gymnastics,0,3,2
VIE,Athletics,0,31,25
VIE,Badminton,0,9,6
VIE,Boxing,0,6,6
VIE,Canoe Sprint,0,1,1
VIE,Canoeing,0,1,1
VIE,Cycling,0,1,1
VIE,Cycling Road,0,1,1
VIE,Fencing,0,5,5
VIE,Gymnastics,0,14,3
VIE,Judo,0,5,4
VIE,Rowing,0,9,9
VIE,Shooting,1,27,16
VIE,Swimming,0,44,24
VIE,Table Tennis,0,2,1
VIE,Taekwondo,0,10,9
VIE,Weightlifting,0,12,10
VIE,Wrestling,0,8,7
VIN,Athletics,0,39,24
VIN,Swimming,0,10,10
VNM,Athletics,0,5,4
VNM,Boxing,0,1,1
VNM,Cycling,0,31,17
VNM,Fencing,0,8,3
VNM,Judo,0,3,3
VNM,Shooting,0,5,4
VNM,Swimming,0,9,7
WIF,Athletics,0,12,7
WIF,Cycling,0,3,1
WIF,Sailing,0,2,2
WIF,Shooting,0,2,2
WIF,Weightlifting,0,1,1
YAR,Athletics,0,7,6
YAR,Judo,0,2,2
YAR,Wrestling,0,2,2
YEM,Athletics,0,16,15
YEM,Gymnastics,0,4,1
YEM,Judo,0,10,9
YEM,Shooting,0,2,2
YEM,Swimming,0,7,6
YEM,Taekwondo,0,2,2
YEM,Wrestling,0,1,1
YMD,Athletics,0,3,3
YMD,Boxing,0,2,2
YUG,Archery,0,2,2
YUG,Art Competitions,0,15,11
YUG,Athletics,0,195,135
YUG,Basketball,12,132,91
YUG,Boxing,3,45,36
YUG,Canoeing,3,48,27
YUG,Cycling,0,82,43
YUG,Diving,0,2,1
YUG,Equestrianism,0,7,4
YUG,Fencing,0,25,16
YUG,Football,16,160,146
YUG,Gymnastics,5,647,75
YUG,Handball,43,115,85
YUG,Judo,0,24,15
YUG,Rhythmic Gymnastics,0,4,3
YUG,Rowing,4,132,109
YUG,Sailing,0,18,12
YUG,Shooting,2,57,30
YUG,Swimming,1,104,45
YUG,Table Tennis,0,9,5
YUG,Tennis,0,6,4
YUG,Volleyball,0,12,12
YUG,Water Polo,37,122,73
YUG,Weightlifting,0,4,4
YUG,Wrestling,4,79,54
ZAM,Athletics,0,80,52
ZAM,Badminton,0,1,1
ZAM,Boxing,0,56,48
ZAM,Fencing,0,1,1
ZAM,Football,0,74,63
ZAM,Judo,0,14,14
ZAM,Swimming,0,18,13
ZAM,Wrestling,0,2,2
ZIM,Archery,0,9,6
ZIM,Athletics,0,87,52
ZIM,Boxing,0,11,10
ZIM,Cycling,0,9,7
ZIM,Diving,0,17,9
ZIM,Equestrianism,0,1,1
ZIM,Football,0,17,17
ZIM,Golf,0,1,1
ZIM,Hockey,15,30,30
ZIM,Judo,0,7,5
ZIM,Rowing,0,9,8
ZIM,Sailing,0,8,8
ZIM,Shooting,0,21,15
ZIM,Swimming,2,71,27
ZIM,Tennis,0,19,8
ZIM,Triathlon,0,3,2
ZIM,Weightlifting,0,1,1
